time,fmu.h,fmu.v
0.001, 1.000000, -0.009810
0.002, 0.999990, -0.019620
0.003, 0.999971, -0.029430
0.004, 0.999941, -0.039240
0.005, 0.999902, -0.049050
0.006, 0.999853, -0.058860
0.007, 0.999794, -0.068670
0.008, 0.999725, -0.078480
0.009, 0.999647, -0.088290
0.01, 0.999559, -0.098100
0.011, 0.999460, -0.107910
0.012, 0.999353, -0.117720
0.013, 0.999235, -0.127530
0.014, 0.999107, -0.137340
0.015, 0.998970, -0.147150
0.016, 0.998823, -0.156960
0.017, 0.998666, -0.166770
0.018, 0.998499, -0.176580
0.019, 0.998322, -0.186390
0.02, 0.998136, -0.196200
0.021, 0.997940, -0.206010
0.022, 0.997734, -0.215820
0.023, 0.997518, -0.225630
0.024, 0.997292, -0.235440
0.025, 0.997057, -0.245250
0.026, 0.996812, -0.255060
0.027, 0.996557, -0.264870
0.028, 0.996292, -0.274680
0.029, 0.996017, -0.284490
0.03, 0.995733, -0.294300
0.031, 0.995438, -0.304110
0.032, 0.995134, -0.313920
0.033, 0.994820, -0.323730
0.034, 0.994497, -0.333540
0.035, 0.994163, -0.343350
0.036, 0.993820, -0.353160
0.037, 0.993467, -0.362970
0.038, 0.993104, -0.372780
0.039, 0.992731, -0.382590
0.04, 0.992348, -0.392400
0.041, 0.991956, -0.402210
0.042, 0.991554, -0.412020
0.043, 0.991142, -0.421830
0.044, 0.990720, -0.431640
0.045, 0.990288, -0.441450
0.046, 0.989847, -0.451260
0.047, 0.989395, -0.461070
0.048, 0.988934, -0.470880
0.049, 0.988463, -0.480690
0.05, 0.987983, -0.490500
0.051, 0.987492, -0.500310
0.052, 0.986992, -0.510120
0.053, 0.986482, -0.519930
0.054, 0.985962, -0.529740
0.055, 0.985432, -0.539550
0.056, 0.984893, -0.549360
0.057, 0.984343, -0.559170
0.058, 0.983784, -0.568980
0.059, 0.983215, -0.578790
0.06, 0.982636, -0.588600
0.061, 0.982048, -0.598410
0.062, 0.981449, -0.608220
0.063, 0.980841, -0.618030
0.064, 0.980223, -0.627840
0.065, 0.979595, -0.637650
0.066, 0.978958, -0.647460
0.067, 0.978310, -0.657270
0.068, 0.977653, -0.667080
0.069, 0.976986, -0.676890
0.07, 0.976309, -0.686700
0.071, 0.975622, -0.696510
0.072, 0.974926, -0.706320
0.073, 0.974219, -0.716130
0.074, 0.973503, -0.725940
0.075, 0.972777, -0.735750
0.076, 0.972042, -0.745560
0.077, 0.971296, -0.755370
0.078, 0.970541, -0.765180
0.079, 0.969775, -0.774990
0.08, 0.969000, -0.784800
0.081, 0.968216, -0.794610
0.082, 0.967421, -0.804420
0.083, 0.966617, -0.814230
0.084, 0.965802, -0.824040
0.085, 0.964978, -0.833850
0.086, 0.964144, -0.843660
0.087, 0.963301, -0.853470
0.088, 0.962447, -0.863280
0.089, 0.961584, -0.873090
0.09, 0.960711, -0.882900
0.091, 0.959828, -0.892710
0.092, 0.958935, -0.902520
0.093, 0.958033, -0.912330
0.094, 0.957120, -0.922140
0.095, 0.956198, -0.931950
0.096, 0.955266, -0.941760
0.097, 0.954325, -0.951570
0.098, 0.953373, -0.961380
0.099, 0.952412, -0.971190
0.1, 0.951441, -0.981000
0.101, 0.950460, -0.990810
0.102, 0.949469, -1.000620
0.103, 0.948468, -1.010430
0.104, 0.947458, -1.020240
0.105, 0.946437, -1.030050
0.106, 0.945407, -1.039860
0.107, 0.944367, -1.049670
0.108, 0.943318, -1.059480
0.109, 0.942258, -1.069290
0.11, 0.941189, -1.079100
0.111, 0.940110, -1.088910
0.112, 0.939021, -1.098720
0.113, 0.937922, -1.108530
0.114, 0.936814, -1.118340
0.115, 0.935695, -1.128150
0.116, 0.934567, -1.137960
0.117, 0.933429, -1.147770
0.118, 0.932282, -1.157580
0.119, 0.931124, -1.167390
0.12, 0.929957, -1.177200
0.121, 0.928779, -1.187010
0.122, 0.927592, -1.196820
0.123, 0.926396, -1.206630
0.124, 0.925189, -1.216440
0.125, 0.923973, -1.226250
0.126, 0.922746, -1.236060
0.127, 0.921510, -1.245870
0.128, 0.920264, -1.255680
0.129, 0.919009, -1.265490
0.13, 0.917743, -1.275300
0.131, 0.916468, -1.285110
0.132, 0.915183, -1.294920
0.133, 0.913888, -1.304730
0.134, 0.912583, -1.314540
0.135, 0.911269, -1.324350
0.136, 0.909944, -1.334160
0.137, 0.908610, -1.343970
0.138, 0.907266, -1.353780
0.139, 0.905912, -1.363590
0.14, 0.904549, -1.373400
0.141, 0.903175, -1.383210
0.142, 0.901792, -1.393020
0.143, 0.900399, -1.402830
0.144, 0.898996, -1.412640
0.145, 0.897584, -1.422450
0.146, 0.896161, -1.432260
0.147, 0.894729, -1.442070
0.148, 0.893287, -1.451880
0.149, 0.891835, -1.461690
0.15, 0.890373, -1.471500
0.151, 0.888902, -1.481310
0.152, 0.887420, -1.491120
0.153, 0.885929, -1.500930
0.154, 0.884428, -1.510740
0.155, 0.882918, -1.520550
0.156, 0.881397, -1.530360
0.157, 0.879867, -1.540170
0.158, 0.878327, -1.549980
0.159, 0.876777, -1.559790
0.16, 0.875217, -1.569600
0.161, 0.873647, -1.579410
0.162, 0.872068, -1.589220
0.163, 0.870479, -1.599030
0.164, 0.868880, -1.608840
0.165, 0.867271, -1.618650
0.166, 0.865652, -1.628460
0.167, 0.864024, -1.638270
0.168, 0.862385, -1.648080
0.169, 0.860737, -1.657890
0.17, 0.859079, -1.667700
0.171, 0.857412, -1.677510
0.172, 0.855734, -1.687320
0.173, 0.854047, -1.697130
0.174, 0.852350, -1.706940
0.175, 0.850643, -1.716750
0.176, 0.848926, -1.726560
0.177, 0.847199, -1.736370
0.178, 0.845463, -1.746180
0.179, 0.843717, -1.755990
0.18, 0.841961, -1.765800
0.181, 0.840195, -1.775610
0.182, 0.838419, -1.785420
0.183, 0.836634, -1.795230
0.184, 0.834839, -1.805040
0.185, 0.833034, -1.814850
0.186, 0.831219, -1.824660
0.187, 0.829394, -1.834470
0.188, 0.827560, -1.844280
0.189, 0.825716, -1.854090
0.19, 0.823861, -1.863900
0.191, 0.821998, -1.873710
0.192, 0.820124, -1.883520
0.193, 0.818240, -1.893330
0.194, 0.816347, -1.903140
0.195, 0.814444, -1.912950
0.196, 0.812531, -1.922760
0.197, 0.810608, -1.932570
0.198, 0.808676, -1.942380
0.199, 0.806733, -1.952190
0.2, 0.804781, -1.962000
0.201, 0.802819, -1.971810
0.202, 0.800847, -1.981620
0.203, 0.798866, -1.991430
0.204, 0.796874, -2.001240
0.205, 0.794873, -2.011050
0.206, 0.792862, -2.020860
0.207, 0.790841, -2.030670
0.208, 0.788810, -2.040480
0.209, 0.786770, -2.050290
0.21, 0.784720, -2.060100
0.211, 0.782659, -2.069910
0.212, 0.780590, -2.079720
0.213, 0.778510, -2.089530
0.214, 0.776420, -2.099340
0.215, 0.774321, -2.109150
0.216, 0.772212, -2.118960
0.217, 0.770093, -2.128770
0.218, 0.767964, -2.138580
0.219, 0.765825, -2.148390
0.22, 0.763677, -2.158200
0.221, 0.761519, -2.168010
0.222, 0.759351, -2.177820
0.223, 0.757173, -2.187630
0.224, 0.754985, -2.197440
0.225, 0.752788, -2.207250
0.226, 0.750581, -2.217060
0.227, 0.748364, -2.226870
0.228, 0.746137, -2.236680
0.229, 0.743900, -2.246490
0.23, 0.741654, -2.256300
0.231, 0.739397, -2.266110
0.232, 0.737131, -2.275920
0.233, 0.734855, -2.285730
0.234, 0.732570, -2.295540
0.235, 0.730274, -2.305350
0.236, 0.727969, -2.315160
0.237, 0.725654, -2.324970
0.238, 0.723329, -2.334780
0.239, 0.720994, -2.344590
0.24, 0.718649, -2.354400
0.241, 0.716295, -2.364210
0.242, 0.713931, -2.374020
0.243, 0.711557, -2.383830
0.244, 0.709173, -2.393640
0.245, 0.706779, -2.403450
0.246, 0.704376, -2.413260
0.247, 0.701962, -2.423070
0.248, 0.699539, -2.432880
0.249, 0.697106, -2.442690
0.25, 0.694664, -2.452500
0.251, 0.692211, -2.462310
0.252, 0.689749, -2.472120
0.253, 0.687277, -2.481930
0.254, 0.684795, -2.491740
0.255, 0.682303, -2.501550
0.256, 0.679802, -2.511360
0.257, 0.677290, -2.521170
0.258, 0.674769, -2.530980
0.259, 0.672238, -2.540790
0.26, 0.669697, -2.550600
0.261, 0.667147, -2.560410
0.262, 0.664586, -2.570220
0.263, 0.662016, -2.580030
0.264, 0.659436, -2.589840
0.265, 0.656846, -2.599650
0.266, 0.654247, -2.609460
0.267, 0.651637, -2.619270
0.268, 0.649018, -2.629080
0.269, 0.646389, -2.638890
0.27, 0.643750, -2.648700
0.271, 0.641101, -2.658510
0.272, 0.638443, -2.668320
0.273, 0.635774, -2.678130
0.274, 0.633096, -2.687940
0.275, 0.630408, -2.697750
0.276, 0.627711, -2.707560
0.277, 0.625003, -2.717370
0.278, 0.622286, -2.727180
0.279, 0.619558, -2.736990
0.28, 0.616821, -2.746800
0.281, 0.614075, -2.756610
0.282, 0.611318, -2.766420
0.283, 0.608552, -2.776230
0.284, 0.605775, -2.786040
0.285, 0.602989, -2.795850
0.286, 0.600193, -2.805660
0.287, 0.597388, -2.815470
0.288, 0.594572, -2.825280
0.289, 0.591747, -2.835090
0.29, 0.588912, -2.844900
0.291, 0.586067, -2.854710
0.292, 0.583212, -2.864520
0.293, 0.580348, -2.874330
0.294, 0.577473, -2.884140
0.295, 0.574589, -2.893950
0.296, 0.571695, -2.903760
0.297, 0.568792, -2.913570
0.298, 0.565878, -2.923380
0.299, 0.562955, -2.933190
0.3, 0.560021, -2.943000
0.301, 0.557078, -2.952810
0.302, 0.554126, -2.962620
0.303, 0.551163, -2.972430
0.304, 0.548191, -2.982240
0.305, 0.545208, -2.992050
0.306, 0.542216, -3.001860
0.307, 0.539214, -3.011670
0.308, 0.536203, -3.021480
0.309, 0.533181, -3.031290
0.31, 0.530150, -3.041100
0.311, 0.527109, -3.050910
0.312, 0.524058, -3.060720
0.313, 0.520997, -3.070530
0.314, 0.517927, -3.080340
0.315, 0.514846, -3.090150
0.316, 0.511756, -3.099960
0.317, 0.508656, -3.109770
0.318, 0.505547, -3.119580
0.319, 0.502427, -3.129390
0.32, 0.499298, -3.139200
0.321, 0.496158, -3.149010
0.322, 0.493009, -3.158820
0.323, 0.489851, -3.168630
0.324, 0.486682, -3.178440
0.325, 0.483503, -3.188250
0.326, 0.480315, -3.198060
0.327, 0.477117, -3.207870
0.328, 0.473909, -3.217680
0.329, 0.470692, -3.227490
0.33, 0.467464, -3.237300
0.331, 0.464227, -3.247110
0.332, 0.460980, -3.256920
0.333, 0.457723, -3.266730
0.334, 0.454456, -3.276540
0.335, 0.451180, -3.286350
0.336, 0.447893, -3.296160
0.337, 0.444597, -3.305970
0.338, 0.441291, -3.315780
0.339, 0.437975, -3.325590
0.34, 0.434650, -3.335400
0.341, 0.431314, -3.345210
0.342, 0.427969, -3.355020
0.343, 0.424614, -3.364830
0.344, 0.421249, -3.374640
0.345, 0.417875, -3.384450
0.346, 0.414490, -3.394260
0.347, 0.411096, -3.404070
0.348, 0.407692, -3.413880
0.349, 0.404278, -3.423690
0.35, 0.400854, -3.433500
0.351, 0.397421, -3.443310
0.352, 0.393977, -3.453120
0.353, 0.390524, -3.462930
0.354, 0.387061, -3.472740
0.355, 0.383589, -3.482550
0.356, 0.380106, -3.492360
0.357, 0.376614, -3.502170
0.358, 0.373112, -3.511980
0.359, 0.369600, -3.521790
0.36, 0.366078, -3.531600
0.361, 0.362546, -3.541410
0.362, 0.359005, -3.551220
0.363, 0.355454, -3.561030
0.364, 0.351893, -3.570840
0.365, 0.348322, -3.580650
0.366, 0.344741, -3.590460
0.367, 0.341151, -3.600270
0.368, 0.337550, -3.610080
0.369, 0.333940, -3.619890
0.37, 0.330320, -3.629700
0.371, 0.326691, -3.639510
0.372, 0.323051, -3.649320
0.373, 0.319402, -3.659130
0.374, 0.315743, -3.668940
0.375, 0.312074, -3.678750
0.376, 0.308395, -3.688560
0.377, 0.304706, -3.698370
0.378, 0.301008, -3.708180
0.379, 0.297300, -3.717990
0.38, 0.293582, -3.727800
0.381, 0.289854, -3.737610
0.382, 0.286116, -3.747420
0.383, 0.282369, -3.757230
0.384, 0.278612, -3.767040
0.385, 0.274845, -3.776850
0.386, 0.271068, -3.786660
0.387, 0.267281, -3.796470
0.388, 0.263485, -3.806280
0.389, 0.259679, -3.816090
0.39, 0.255862, -3.825900
0.391, 0.252037, -3.835710
0.392, 0.248201, -3.845520
0.393, 0.244355, -3.855330
0.394, 0.240500, -3.865140
0.395, 0.236635, -3.874950
0.396, 0.232760, -3.884760
0.397, 0.228875, -3.894570
0.398, 0.224981, -3.904380
0.399, 0.221076, -3.914190
0.4, 0.217162, -3.924000
0.401, 0.213238, -3.933810
0.402, 0.209304, -3.943620
0.403, 0.205361, -3.953430
0.404, 0.201407, -3.963240
0.405, 0.197444, -3.973050
0.406, 0.193471, -3.982860
0.407, 0.189488, -3.992670
0.408, 0.185495, -4.002480
0.409, 0.181493, -4.012290
0.41, 0.177481, -4.022100
0.411, 0.173458, -4.031910
0.412, 0.169427, -4.041720
0.413, 0.165385, -4.051530
0.414, 0.161333, -4.061340
0.415, 0.157272, -4.071150
0.416, 0.153201, -4.080960
0.417, 0.149120, -4.090770
0.418, 0.145029, -4.100580
0.419, 0.140928, -4.110390
0.42, 0.136818, -4.120200
0.421, 0.132698, -4.130010
0.422, 0.128568, -4.139820
0.423, 0.124428, -4.149630
0.424, 0.120278, -4.159440
0.425, 0.116119, -4.169250
0.426, 0.111950, -4.179060
0.427, 0.107771, -4.188870
0.428, 0.103582, -4.198680
0.429, 0.099383, -4.208490
0.43, 0.095175, -4.218300
0.431, 0.090956, -4.228110
0.432, 0.086728, -4.237920
0.433, 0.082490, -4.247730
0.434, 0.078243, -4.257540
0.435, 0.073985, -4.267350
0.436, 0.069718, -4.277160
0.437, 0.065441, -4.286970
0.438, 0.061154, -4.296780
0.439, 0.056857, -4.306590
0.44, 0.052550, -4.316400
0.441, 0.048234, -4.326210
0.442, 0.043908, -4.336020
0.443, 0.039572, -4.345830
0.444, 0.035226, -4.355640
0.445, 0.030870, -4.365450
0.446, 0.026505, -4.375260
0.447, 0.022129, -4.385070
0.448, 0.017744, -4.394880
0.449, 0.013349, -4.404690
0.45, 0.008945, -4.414500
0.451, 0.004530, -4.424310
0.452, 0.000106, -4.434120
0.453, 0.000000, 3.110751
0.454, 0.003111, 3.100941
0.455, 0.006212, 3.091131
0.456, 0.009303, 3.081321
0.457, 0.012384, 3.071511
0.458, 0.015456, 3.061701
0.459, 0.018517, 3.051891
0.46, 0.021569, 3.042081
0.461, 0.024611, 3.032271
0.462, 0.027644, 3.022461
0.463, 0.030666, 3.012651
0.464, 0.033679, 3.002841
0.465, 0.036682, 2.993031
0.466, 0.039675, 2.983221
0.467, 0.042658, 2.973411
0.468, 0.045631, 2.963601
0.469, 0.048595, 2.953791
0.47, 0.051549, 2.943981
0.471, 0.054493, 2.934171
0.472, 0.057427, 2.924361
0.473, 0.060351, 2.914551
0.474, 0.063266, 2.904741
0.475, 0.066170, 2.894931
0.476, 0.069065, 2.885121
0.477, 0.071950, 2.875311
0.478, 0.074826, 2.865501
0.479, 0.077691, 2.855691
0.48, 0.080547, 2.845881
0.481, 0.083393, 2.836071
0.482, 0.086229, 2.826261
0.483, 0.089055, 2.816451
0.484, 0.091872, 2.806641
0.485, 0.094678, 2.796831
0.486, 0.097475, 2.787021
0.487, 0.100262, 2.777211
0.488, 0.103039, 2.767401
0.489, 0.105807, 2.757591
0.49, 0.108564, 2.747781
0.491, 0.111312, 2.737971
0.492, 0.114050, 2.728161
0.493, 0.116778, 2.718351
0.494, 0.119497, 2.708541
0.495, 0.122205, 2.698731
0.496, 0.124904, 2.688921
0.497, 0.127593, 2.679111
0.498, 0.130272, 2.669301
0.499, 0.132941, 2.659491
0.5, 0.135601, 2.649681
0.501, 0.138250, 2.639871
0.502, 0.140890, 2.630061
0.503, 0.143520, 2.620251
0.504, 0.146141, 2.610441
0.505, 0.148751, 2.600631
0.506, 0.151352, 2.590821
0.507, 0.153942, 2.581011
0.508, 0.156523, 2.571201
0.509, 0.159095, 2.561391
0.51, 0.161656, 2.551581
0.511, 0.164208, 2.541771
0.512, 0.166749, 2.531961
0.513, 0.169281, 2.522151
0.514, 0.171804, 2.512341
0.515, 0.174316, 2.502531
0.516, 0.176818, 2.492721
0.517, 0.179311, 2.482911
0.518, 0.181794, 2.473101
0.519, 0.184267, 2.463291
0.52, 0.186730, 2.453481
0.521, 0.189184, 2.443671
0.522, 0.191628, 2.433861
0.523, 0.194061, 2.424051
0.524, 0.196485, 2.414241
0.525, 0.198900, 2.404431
0.526, 0.201304, 2.394621
0.527, 0.203699, 2.384811
0.528, 0.206084, 2.375001
0.529, 0.208459, 2.365191
0.53, 0.210824, 2.355381
0.531, 0.213179, 2.345571
0.532, 0.215525, 2.335761
0.533, 0.217860, 2.325951
0.534, 0.220186, 2.316141
0.535, 0.222503, 2.306331
0.536, 0.224809, 2.296521
0.537, 0.227105, 2.286711
0.538, 0.229392, 2.276901
0.539, 0.231669, 2.267091
0.54, 0.233936, 2.257281
0.541, 0.236193, 2.247471
0.542, 0.238441, 2.237661
0.543, 0.240679, 2.227851
0.544, 0.242906, 2.218041
0.545, 0.245124, 2.208231
0.546, 0.247333, 2.198421
0.547, 0.249531, 2.188611
0.548, 0.251720, 2.178801
0.549, 0.253898, 2.168991
0.55, 0.256067, 2.159181
0.551, 0.258227, 2.149371
0.552, 0.260376, 2.139561
0.553, 0.262516, 2.129751
0.554, 0.264645, 2.119941
0.555, 0.266765, 2.110131
0.556, 0.268875, 2.100321
0.557, 0.270976, 2.090511
0.558, 0.273066, 2.080701
0.559, 0.275147, 2.070891
0.56, 0.277218, 2.061081
0.561, 0.279279, 2.051271
0.562, 0.281330, 2.041461
0.563, 0.283372, 2.031651
0.564, 0.285403, 2.021841
0.565, 0.287425, 2.012031
0.566, 0.289437, 2.002221
0.567, 0.291439, 1.992411
0.568, 0.293432, 1.982601
0.569, 0.295414, 1.972791
0.57, 0.297387, 1.962981
0.571, 0.299350, 1.953171
0.572, 0.301303, 1.943361
0.573, 0.303247, 1.933551
0.574, 0.305180, 1.923741
0.575, 0.307104, 1.913931
0.576, 0.309018, 1.904121
0.577, 0.310922, 1.894311
0.578, 0.312816, 1.884501
0.579, 0.314701, 1.874691
0.58, 0.316576, 1.864881
0.581, 0.318440, 1.855071
0.582, 0.320296, 1.845261
0.583, 0.322141, 1.835451
0.584, 0.323976, 1.825641
0.585, 0.325802, 1.815831
0.586, 0.327618, 1.806021
0.587, 0.329424, 1.796211
0.588, 0.331220, 1.786401
0.589, 0.333006, 1.776591
0.59, 0.334783, 1.766781
0.591, 0.336550, 1.756971
0.592, 0.338307, 1.747161
0.593, 0.340054, 1.737351
0.594, 0.341791, 1.727541
0.595, 0.343519, 1.717731
0.596, 0.345236, 1.707921
0.597, 0.346944, 1.698111
0.598, 0.348642, 1.688301
0.599, 0.350331, 1.678491
0.6, 0.352009, 1.668681
0.601, 0.353678, 1.658871
0.602, 0.355337, 1.649061
0.603, 0.356986, 1.639251
0.604, 0.358625, 1.629441
0.605, 0.360255, 1.619631
0.606, 0.361874, 1.609821
0.607, 0.363484, 1.600011
0.608, 0.365084, 1.590201
0.609, 0.366674, 1.580391
0.61, 0.368255, 1.570581
0.611, 0.369825, 1.560771
0.612, 0.371386, 1.550961
0.613, 0.372937, 1.541151
0.614, 0.374478, 1.531341
0.615, 0.376009, 1.521531
0.616, 0.377531, 1.511721
0.617, 0.379043, 1.501911
0.618, 0.380545, 1.492101
0.619, 0.382037, 1.482291
0.62, 0.383519, 1.472481
0.621, 0.384991, 1.462671
0.622, 0.386454, 1.452861
0.623, 0.387907, 1.443051
0.624, 0.389350, 1.433241
0.625, 0.390783, 1.423431
0.626, 0.392207, 1.413621
0.627, 0.393620, 1.403811
0.628, 0.395024, 1.394001
0.629, 0.396418, 1.384191
0.63, 0.397802, 1.374381
0.631, 0.399177, 1.364571
0.632, 0.400541, 1.354761
0.633, 0.401896, 1.344951
0.634, 0.403241, 1.335141
0.635, 0.404576, 1.325331
0.636, 0.405902, 1.315521
0.637, 0.407217, 1.305711
0.638, 0.408523, 1.295901
0.639, 0.409819, 1.286091
0.64, 0.411105, 1.276281
0.641, 0.412381, 1.266471
0.642, 0.413647, 1.256661
0.643, 0.414904, 1.246851
0.644, 0.416151, 1.237041
0.645, 0.417388, 1.227231
0.646, 0.418615, 1.217421
0.647, 0.419833, 1.207611
0.648, 0.421040, 1.197801
0.649, 0.422238, 1.187991
0.65, 0.423426, 1.178181
0.651, 0.424604, 1.168371
0.652, 0.425773, 1.158561
0.653, 0.426931, 1.148751
0.654, 0.428080, 1.138941
0.655, 0.429219, 1.129131
0.656, 0.430348, 1.119321
0.657, 0.431467, 1.109511
0.658, 0.432577, 1.099701
0.659, 0.433677, 1.089891
0.66, 0.434766, 1.080081
0.661, 0.435847, 1.070271
0.662, 0.436917, 1.060461
0.663, 0.437977, 1.050651
0.664, 0.439028, 1.040841
0.665, 0.440069, 1.031031
0.666, 0.441100, 1.021221
0.667, 0.442121, 1.011411
0.668, 0.443132, 1.001601
0.669, 0.444134, 0.991791
0.67, 0.445126, 0.981981
0.671, 0.446108, 0.972171
0.672, 0.447080, 0.962361
0.673, 0.448042, 0.952551
0.674, 0.448995, 0.942741
0.675, 0.449938, 0.932931
0.676, 0.450871, 0.923121
0.677, 0.451794, 0.913311
0.678, 0.452707, 0.903501
0.679, 0.453610, 0.893691
0.68, 0.454504, 0.883881
0.681, 0.455388, 0.874071
0.682, 0.456262, 0.864261
0.683, 0.457126, 0.854451
0.684, 0.457981, 0.844641
0.685, 0.458825, 0.834831
0.686, 0.459660, 0.825021
0.687, 0.460485, 0.815211
0.688, 0.461301, 0.805401
0.689, 0.462106, 0.795591
0.69, 0.462902, 0.785781
0.691, 0.463687, 0.775971
0.692, 0.464463, 0.766161
0.693, 0.465229, 0.756351
0.694, 0.465986, 0.746541
0.695, 0.466732, 0.736731
0.696, 0.467469, 0.726921
0.697, 0.468196, 0.717111
0.698, 0.468913, 0.707301
0.699, 0.469620, 0.697491
0.7, 0.470318, 0.687681
0.701, 0.471006, 0.677871
0.702, 0.471683, 0.668061
0.703, 0.472351, 0.658251
0.704, 0.473010, 0.648441
0.705, 0.473658, 0.638631
0.706, 0.474297, 0.628821
0.707, 0.474926, 0.619011
0.708, 0.475545, 0.609201
0.709, 0.476154, 0.599391
0.71, 0.476753, 0.589581
0.711, 0.477343, 0.579771
0.712, 0.477923, 0.569961
0.713, 0.478493, 0.560151
0.714, 0.479053, 0.550341
0.715, 0.479603, 0.540531
0.716, 0.480144, 0.530721
0.717, 0.480674, 0.520911
0.718, 0.481195, 0.511101
0.719, 0.481706, 0.501291
0.72, 0.482208, 0.491481
0.721, 0.482699, 0.481671
0.722, 0.483181, 0.471861
0.723, 0.483653, 0.462051
0.724, 0.484115, 0.452241
0.725, 0.484567, 0.442431
0.726, 0.485009, 0.432621
0.727, 0.485442, 0.422811
0.728, 0.485865, 0.413001
0.729, 0.486278, 0.403191
0.73, 0.486681, 0.393381
0.731, 0.487074, 0.383571
0.732, 0.487458, 0.373761
0.733, 0.487832, 0.363951
0.734, 0.488196, 0.354141
0.735, 0.488550, 0.344331
0.736, 0.488894, 0.334521
0.737, 0.489229, 0.324711
0.738, 0.489553, 0.314901
0.739, 0.489868, 0.305091
0.74, 0.490173, 0.295281
0.741, 0.490469, 0.285471
0.742, 0.490754, 0.275661
0.743, 0.491030, 0.265851
0.744, 0.491296, 0.256041
0.745, 0.491552, 0.246231
0.746, 0.491798, 0.236421
0.747, 0.492034, 0.226611
0.748, 0.492261, 0.216801
0.749, 0.492478, 0.206991
0.75, 0.492685, 0.197181
0.751, 0.492882, 0.187371
0.752, 0.493069, 0.177561
0.753, 0.493247, 0.167751
0.754, 0.493415, 0.157941
0.755, 0.493572, 0.148131
0.756, 0.493721, 0.138321
0.757, 0.493859, 0.128511
0.758, 0.493987, 0.118701
0.759, 0.494106, 0.108891
0.76, 0.494215, 0.099081
0.761, 0.494314, 0.089271
0.762, 0.494403, 0.079461
0.763, 0.494483, 0.069651
0.764, 0.494553, 0.059841
0.765, 0.494612, 0.050031
0.766, 0.494662, 0.040221
0.767, 0.494703, 0.030411
0.768, 0.494733, 0.020601
0.769, 0.494754, 0.010791
0.77, 0.494764, 0.000981
0.771, 0.494765, -0.008829
0.772, 0.494757, -0.018639
0.773, 0.494738, -0.028449
0.774, 0.494709, -0.038259
0.775, 0.494671, -0.048069
0.776, 0.494623, -0.057879
0.777, 0.494565, -0.067689
0.778, 0.494498, -0.077499
0.779, 0.494420, -0.087309
0.78, 0.494333, -0.097119
0.781, 0.494236, -0.106929
0.782, 0.494129, -0.116739
0.783, 0.494012, -0.126549
0.784, 0.493885, -0.136359
0.785, 0.493749, -0.146169
0.786, 0.493603, -0.155979
0.787, 0.493447, -0.165789
0.788, 0.493281, -0.175599
0.789, 0.493106, -0.185409
0.79, 0.492920, -0.195219
0.791, 0.492725, -0.205029
0.792, 0.492520, -0.214839
0.793, 0.492305, -0.224649
0.794, 0.492080, -0.234459
0.795, 0.491846, -0.244269
0.796, 0.491602, -0.254079
0.797, 0.491348, -0.263889
0.798, 0.491084, -0.273699
0.799, 0.490810, -0.283509
0.8, 0.490526, -0.293319
0.801, 0.490233, -0.303129
0.802, 0.489930, -0.312939
0.803, 0.489617, -0.322749
0.804, 0.489294, -0.332559
0.805, 0.488962, -0.342369
0.806, 0.488619, -0.352179
0.807, 0.488267, -0.361989
0.808, 0.487905, -0.371799
0.809, 0.487533, -0.381609
0.81, 0.487152, -0.391419
0.811, 0.486760, -0.401229
0.812, 0.486359, -0.411039
0.813, 0.485948, -0.420849
0.814, 0.485527, -0.430659
0.815, 0.485097, -0.440469
0.816, 0.484656, -0.450279
0.817, 0.484206, -0.460089
0.818, 0.483746, -0.469899
0.819, 0.483276, -0.479709
0.82, 0.482796, -0.489519
0.821, 0.482307, -0.499329
0.822, 0.481807, -0.509139
0.823, 0.481298, -0.518949
0.824, 0.480779, -0.528759
0.825, 0.480251, -0.538569
0.826, 0.479712, -0.548379
0.827, 0.479164, -0.558189
0.828, 0.478605, -0.567999
0.829, 0.478037, -0.577809
0.83, 0.477460, -0.587619
0.831, 0.476872, -0.597429
0.832, 0.476275, -0.607239
0.833, 0.475667, -0.617049
0.834, 0.475050, -0.626859
0.835, 0.474423, -0.636669
0.836, 0.473787, -0.646479
0.837, 0.473140, -0.656289
0.838, 0.472484, -0.666099
0.839, 0.471818, -0.675909
0.84, 0.471142, -0.685719
0.841, 0.470456, -0.695529
0.842, 0.469761, -0.705339
0.843, 0.469055, -0.715149
0.844, 0.468340, -0.724959
0.845, 0.467615, -0.734769
0.846, 0.466880, -0.744579
0.847, 0.466136, -0.754389
0.848, 0.465381, -0.764199
0.849, 0.464617, -0.774009
0.85, 0.463843, -0.783819
0.851, 0.463059, -0.793629
0.852, 0.462266, -0.803439
0.853, 0.461462, -0.813249
0.854, 0.460649, -0.823059
0.855, 0.459826, -0.832869
0.856, 0.458993, -0.842679
0.857, 0.458151, -0.852489
0.858, 0.457298, -0.862299
0.859, 0.456436, -0.872109
0.86, 0.455564, -0.881919
0.861, 0.454682, -0.891729
0.862, 0.453790, -0.901539
0.863, 0.452888, -0.911349
0.864, 0.451977, -0.921159
0.865, 0.451056, -0.930969
0.866, 0.450125, -0.940779
0.867, 0.449184, -0.950589
0.868, 0.448234, -0.960399
0.869, 0.447273, -0.970209
0.87, 0.446303, -0.980019
0.871, 0.445323, -0.989829
0.872, 0.444333, -0.999639
0.873, 0.443334, -1.009449
0.874, 0.442324, -1.019259
0.875, 0.441305, -1.029069
0.876, 0.440276, -1.038879
0.877, 0.439237, -1.048689
0.878, 0.438188, -1.058499
0.879, 0.437130, -1.068309
0.88, 0.436061, -1.078119
0.881, 0.434983, -1.087929
0.882, 0.433895, -1.097739
0.883, 0.432798, -1.107549
0.884, 0.431690, -1.117359
0.885, 0.430573, -1.127169
0.886, 0.429446, -1.136979
0.887, 0.428309, -1.146789
0.888, 0.427162, -1.156599
0.889, 0.426005, -1.166409
0.89, 0.424839, -1.176219
0.891, 0.423663, -1.186029
0.892, 0.422476, -1.195839
0.893, 0.421281, -1.205649
0.894, 0.420075, -1.215459
0.895, 0.418860, -1.225269
0.896, 0.417634, -1.235079
0.897, 0.416399, -1.244889
0.898, 0.415154, -1.254699
0.899, 0.413900, -1.264509
0.9, 0.412635, -1.274319
0.901, 0.411361, -1.284129
0.902, 0.410077, -1.293939
0.903, 0.408783, -1.303749
0.904, 0.407479, -1.313559
0.905, 0.406165, -1.323369
0.906, 0.404842, -1.333179
0.907, 0.403509, -1.342989
0.908, 0.402166, -1.352799
0.909, 0.400813, -1.362609
0.91, 0.399450, -1.372419
0.911, 0.398078, -1.382229
0.912, 0.396696, -1.392039
0.913, 0.395304, -1.401849
0.914, 0.393902, -1.411659
0.915, 0.392490, -1.421469
0.916, 0.391069, -1.431279
0.917, 0.389638, -1.441089
0.918, 0.388196, -1.450899
0.919, 0.386746, -1.460709
0.92, 0.385285, -1.470519
0.921, 0.383814, -1.480329
0.922, 0.382334, -1.490139
0.923, 0.380844, -1.499949
0.924, 0.379344, -1.509759
0.925, 0.377834, -1.519569
0.926, 0.376315, -1.529379
0.927, 0.374785, -1.539189
0.928, 0.373246, -1.548999
0.929, 0.371697, -1.558809
0.93, 0.370138, -1.568619
0.931, 0.368570, -1.578429
0.932, 0.366991, -1.588239
0.933, 0.365403, -1.598049
0.934, 0.363805, -1.607859
0.935, 0.362197, -1.617669
0.936, 0.360579, -1.627479
0.937, 0.358952, -1.637289
0.938, 0.357315, -1.647099
0.939, 0.355667, -1.656909
0.94, 0.354011, -1.666719
0.941, 0.352344, -1.676529
0.942, 0.350667, -1.686339
0.943, 0.348981, -1.696149
0.944, 0.347285, -1.705959
0.945, 0.345579, -1.715769
0.946, 0.343863, -1.725579
0.947, 0.342137, -1.735389
0.948, 0.340402, -1.745199
0.949, 0.338657, -1.755009
0.95, 0.336902, -1.764819
0.951, 0.335137, -1.774629
0.952, 0.333362, -1.784439
0.953, 0.331578, -1.794249
0.954, 0.329784, -1.804059
0.955, 0.327980, -1.813869
0.956, 0.326166, -1.823679
0.957, 0.324342, -1.833489
0.958, 0.322509, -1.843299
0.959, 0.320665, -1.853109
0.96, 0.318812, -1.862919
0.961, 0.316949, -1.872729
0.962, 0.315077, -1.882539
0.963, 0.313194, -1.892349
0.964, 0.311302, -1.902159
0.965, 0.309400, -1.911969
0.966, 0.307488, -1.921779
0.967, 0.305566, -1.931589
0.968, 0.303634, -1.941399
0.969, 0.301693, -1.951209
0.97, 0.299742, -1.961019
0.971, 0.297781, -1.970829
0.972, 0.295810, -1.980639
0.973, 0.293829, -1.990449
0.974, 0.291839, -2.000259
0.975, 0.289838, -2.010069
0.976, 0.287828, -2.019879
0.977, 0.285808, -2.029689
0.978, 0.283779, -2.039499
0.979, 0.281739, -2.049309
0.98, 0.279690, -2.059119
0.981, 0.277631, -2.068929
0.982, 0.275562, -2.078739
0.983, 0.273483, -2.088549
0.984, 0.271395, -2.098359
0.985, 0.269296, -2.108169
0.986, 0.267188, -2.117979
0.987, 0.265070, -2.127789
0.988, 0.262942, -2.137599
0.989, 0.260805, -2.147409
0.99, 0.258657, -2.157219
0.991, 0.256500, -2.167029
0.992, 0.254333, -2.176839
0.993, 0.252156, -2.186649
0.994, 0.249970, -2.196459
0.995, 0.247773, -2.206269
0.996, 0.245567, -2.216079
0.997, 0.243351, -2.225889
0.998, 0.241125, -2.235699
0.999, 0.238889, -2.245509
1, 0.236644, -2.255319
1.001, 0.234388, -2.265129
1.002, 0.232123, -2.274939
1.003, 0.229848, -2.284749
1.004, 0.227564, -2.294559
1.005, 0.225269, -2.304369
1.006, 0.222965, -2.314179
1.007, 0.220650, -2.323989
1.008, 0.218326, -2.333799
1.009, 0.215993, -2.343609
1.01, 0.213649, -2.353419
1.011, 0.211296, -2.363229
1.012, 0.208932, -2.373039
1.013, 0.206559, -2.382849
1.014, 0.204177, -2.392659
1.015, 0.201784, -2.402469
1.016, 0.199381, -2.412279
1.017, 0.196969, -2.422089
1.018, 0.194547, -2.431899
1.019, 0.192115, -2.441709
1.02, 0.189673, -2.451519
1.021, 0.187222, -2.461329
1.022, 0.184761, -2.471139
1.023, 0.182289, -2.480949
1.024, 0.179808, -2.490759
1.025, 0.177318, -2.500569
1.026, 0.174817, -2.510379
1.027, 0.172307, -2.520189
1.028, 0.169787, -2.529999
1.029, 0.167257, -2.539809
1.03, 0.164717, -2.549619
1.031, 0.162167, -2.559429
1.032, 0.159608, -2.569239
1.033, 0.157038, -2.579049
1.034, 0.154459, -2.588859
1.035, 0.151871, -2.598669
1.036, 0.149272, -2.608479
1.037, 0.146663, -2.618289
1.038, 0.144045, -2.628099
1.039, 0.141417, -2.637909
1.04, 0.138779, -2.647719
1.041, 0.136131, -2.657529
1.042, 0.133474, -2.667339
1.043, 0.130807, -2.677149
1.044, 0.128129, -2.686959
1.045, 0.125442, -2.696769
1.046, 0.122746, -2.706579
1.047, 0.120039, -2.716389
1.048, 0.117323, -2.726199
1.049, 0.114596, -2.736009
1.05, 0.111860, -2.745819
1.051, 0.109115, -2.755629
1.052, 0.106359, -2.765439
1.053, 0.103594, -2.775249
1.054, 0.100818, -2.785059
1.055, 0.098033, -2.794869
1.056, 0.095238, -2.804679
1.057, 0.092434, -2.814489
1.058, 0.089619, -2.824299
1.059, 0.086795, -2.834109
1.06, 0.083961, -2.843919
1.061, 0.081117, -2.853729
1.062, 0.078263, -2.863539
1.063, 0.075400, -2.873349
1.064, 0.072526, -2.883159
1.065, 0.069643, -2.892969
1.066, 0.066750, -2.902779
1.067, 0.063847, -2.912589
1.068, 0.060935, -2.922399
1.069, 0.058012, -2.932209
1.07, 0.055080, -2.942019
1.071, 0.052138, -2.951829
1.072, 0.049186, -2.961639
1.073, 0.046225, -2.971449
1.074, 0.043253, -2.981259
1.075, 0.040272, -2.991069
1.076, 0.037281, -3.000879
1.077, 0.034280, -3.010689
1.078, 0.031269, -3.020499
1.079, 0.028249, -3.030309
1.08, 0.025219, -3.040119
1.081, 0.022178, -3.049929
1.082, 0.019129, -3.059739
1.083, 0.016069, -3.069549
1.084, 0.012999, -3.079359
1.085, 0.009920, -3.089169
1.086, 0.006831, -3.098979
1.087, 0.003732, -3.108789
1.088, 0.000623, -3.118599
1.089, 0.000000, 2.189886
1.09, 0.002190, 2.180076
1.091, 0.004370, 2.170266
1.092, 0.006540, 2.160456
1.093, 0.008701, 2.150646
1.094, 0.010851, 2.140836
1.095, 0.012992, 2.131026
1.096, 0.015123, 2.121216
1.097, 0.017244, 2.111406
1.098, 0.019356, 2.101596
1.099, 0.021457, 2.091786
1.1, 0.023549, 2.081976
1.101, 0.025631, 2.072166
1.102, 0.027703, 2.062356
1.103, 0.029766, 2.052546
1.104, 0.031818, 2.042736
1.105, 0.033861, 2.032926
1.106, 0.035894, 2.023116
1.107, 0.037917, 2.013306
1.108, 0.039930, 2.003496
1.109, 0.041934, 1.993686
1.11, 0.043928, 1.983876
1.111, 0.045911, 1.974066
1.112, 0.047885, 1.964256
1.113, 0.049850, 1.954446
1.114, 0.051804, 1.944636
1.115, 0.053749, 1.934826
1.116, 0.055684, 1.925016
1.117, 0.057609, 1.915206
1.118, 0.059524, 1.905396
1.119, 0.061429, 1.895586
1.12, 0.063325, 1.885776
1.121, 0.065211, 1.875966
1.122, 0.067087, 1.866156
1.123, 0.068953, 1.856346
1.124, 0.070809, 1.846536
1.125, 0.072656, 1.836726
1.126, 0.074492, 1.826916
1.127, 0.076319, 1.817106
1.128, 0.078136, 1.807296
1.129, 0.079944, 1.797486
1.13, 0.081741, 1.787676
1.131, 0.083529, 1.777866
1.132, 0.085307, 1.768056
1.133, 0.087075, 1.758246
1.134, 0.088833, 1.748436
1.135, 0.090581, 1.738626
1.136, 0.092320, 1.728816
1.137, 0.094049, 1.719006
1.138, 0.095768, 1.709196
1.139, 0.097477, 1.699386
1.14, 0.099176, 1.689576
1.141, 0.100866, 1.679766
1.142, 0.102546, 1.669956
1.143, 0.104216, 1.660146
1.144, 0.105876, 1.650336
1.145, 0.107526, 1.640526
1.146, 0.109167, 1.630716
1.147, 0.110797, 1.620906
1.148, 0.112418, 1.611096
1.149, 0.114029, 1.601286
1.15, 0.115631, 1.591476
1.151, 0.117222, 1.581666
1.152, 0.118804, 1.571856
1.153, 0.120376, 1.562046
1.154, 0.121938, 1.552236
1.155, 0.123490, 1.542426
1.156, 0.125032, 1.532616
1.157, 0.126565, 1.522806
1.158, 0.128088, 1.512996
1.159, 0.129601, 1.503186
1.16, 0.131104, 1.493376
1.161, 0.132597, 1.483566
1.162, 0.134081, 1.473756
1.163, 0.135555, 1.463946
1.164, 0.137019, 1.454136
1.165, 0.138473, 1.444326
1.166, 0.139917, 1.434516
1.167, 0.141352, 1.424706
1.168, 0.142776, 1.414896
1.169, 0.144191, 1.405086
1.17, 0.145596, 1.395276
1.171, 0.146992, 1.385466
1.172, 0.148377, 1.375656
1.173, 0.149753, 1.365846
1.174, 0.151119, 1.356036
1.175, 0.152475, 1.346226
1.176, 0.153821, 1.336416
1.177, 0.155157, 1.326606
1.178, 0.156484, 1.316796
1.179, 0.157801, 1.306986
1.18, 0.159108, 1.297176
1.181, 0.160405, 1.287366
1.182, 0.161692, 1.277556
1.183, 0.162970, 1.267746
1.184, 0.164238, 1.257936
1.185, 0.165495, 1.248126
1.186, 0.166744, 1.238316
1.187, 0.167982, 1.228506
1.188, 0.169210, 1.218696
1.189, 0.170429, 1.208886
1.19, 0.171638, 1.199076
1.191, 0.172837, 1.189266
1.192, 0.174026, 1.179456
1.193, 0.175206, 1.169646
1.194, 0.176375, 1.159836
1.195, 0.177535, 1.150026
1.196, 0.178685, 1.140216
1.197, 0.179826, 1.130406
1.198, 0.180956, 1.120596
1.199, 0.182077, 1.110786
1.2, 0.183187, 1.100976
1.201, 0.184288, 1.091166
1.202, 0.185379, 1.081356
1.203, 0.186461, 1.071546
1.204, 0.187532, 1.061736
1.205, 0.188594, 1.051926
1.206, 0.189646, 1.042116
1.207, 0.190688, 1.032306
1.208, 0.191720, 1.022496
1.209, 0.192743, 1.012686
1.21, 0.193756, 1.002876
1.211, 0.194759, 0.993066
1.212, 0.195752, 0.983256
1.213, 0.196735, 0.973446
1.214, 0.197708, 0.963636
1.215, 0.198672, 0.953826
1.216, 0.199626, 0.944016
1.217, 0.200570, 0.934206
1.218, 0.201504, 0.924396
1.219, 0.202428, 0.914586
1.22, 0.203343, 0.904776
1.221, 0.204248, 0.894966
1.222, 0.205143, 0.885156
1.223, 0.206028, 0.875346
1.224, 0.206903, 0.865536
1.225, 0.207769, 0.855726
1.226, 0.208624, 0.845916
1.227, 0.209470, 0.836106
1.228, 0.210306, 0.826296
1.229, 0.211133, 0.816486
1.23, 0.211949, 0.806676
1.231, 0.212756, 0.796866
1.232, 0.213553, 0.787056
1.233, 0.214340, 0.777246
1.234, 0.215117, 0.767436
1.235, 0.215885, 0.757626
1.236, 0.216642, 0.747816
1.237, 0.217390, 0.738006
1.238, 0.218128, 0.728196
1.239, 0.218856, 0.718386
1.24, 0.219575, 0.708576
1.241, 0.220283, 0.698766
1.242, 0.220982, 0.688956
1.243, 0.221671, 0.679146
1.244, 0.222350, 0.669336
1.245, 0.223019, 0.659526
1.246, 0.223679, 0.649716
1.247, 0.224329, 0.639906
1.248, 0.224969, 0.630096
1.249, 0.225599, 0.620286
1.25, 0.226219, 0.610476
1.251, 0.226829, 0.600666
1.252, 0.227430, 0.590856
1.253, 0.228021, 0.581046
1.254, 0.228602, 0.571236
1.255, 0.229173, 0.561426
1.256, 0.229735, 0.551616
1.257, 0.230286, 0.541806
1.258, 0.230828, 0.531996
1.259, 0.231360, 0.522186
1.26, 0.231882, 0.512376
1.261, 0.232395, 0.502566
1.262, 0.232897, 0.492756
1.263, 0.233390, 0.482946
1.264, 0.233873, 0.473136
1.265, 0.234346, 0.463326
1.266, 0.234809, 0.453516
1.267, 0.235263, 0.443706
1.268, 0.235707, 0.433896
1.269, 0.236140, 0.424086
1.27, 0.236565, 0.414276
1.271, 0.236979, 0.404466
1.272, 0.237383, 0.394656
1.273, 0.237778, 0.384846
1.274, 0.238163, 0.375036
1.275, 0.238538, 0.365226
1.276, 0.238903, 0.355416
1.277, 0.239258, 0.345606
1.278, 0.239604, 0.335796
1.279, 0.239940, 0.325986
1.28, 0.240266, 0.316176
1.281, 0.240582, 0.306366
1.282, 0.240888, 0.296556
1.283, 0.241185, 0.286746
1.284, 0.241472, 0.276936
1.285, 0.241749, 0.267126
1.286, 0.242016, 0.257316
1.287, 0.242273, 0.247506
1.288, 0.242521, 0.237696
1.289, 0.242758, 0.227886
1.29, 0.242986, 0.218076
1.291, 0.243204, 0.208266
1.292, 0.243412, 0.198456
1.293, 0.243611, 0.188646
1.294, 0.243800, 0.178836
1.295, 0.243978, 0.169026
1.296, 0.244147, 0.159216
1.297, 0.244307, 0.149406
1.298, 0.244456, 0.139596
1.299, 0.244596, 0.129786
1.3, 0.244725, 0.119976
1.301, 0.244845, 0.110166
1.302, 0.244956, 0.100356
1.303, 0.245056, 0.090546
1.304, 0.245147, 0.080736
1.305, 0.245227, 0.070926
1.306, 0.245298, 0.061116
1.307, 0.245359, 0.051306
1.308, 0.245411, 0.041496
1.309, 0.245452, 0.031686
1.31, 0.245484, 0.021876
1.311, 0.245506, 0.012066
1.312, 0.245518, 0.002256
1.313, 0.245520, -0.007554
1.314, 0.245512, -0.017364
1.315, 0.245495, -0.027174
1.316, 0.245468, -0.036984
1.317, 0.245431, -0.046794
1.318, 0.245384, -0.056604
1.319, 0.245327, -0.066414
1.32, 0.245261, -0.076224
1.321, 0.245185, -0.086034
1.322, 0.245099, -0.095844
1.323, 0.245003, -0.105654
1.324, 0.244897, -0.115464
1.325, 0.244782, -0.125274
1.326, 0.244657, -0.135084
1.327, 0.244522, -0.144894
1.328, 0.244377, -0.154704
1.329, 0.244222, -0.164514
1.33, 0.244057, -0.174324
1.331, 0.243883, -0.184134
1.332, 0.243699, -0.193944
1.333, 0.243505, -0.203754
1.334, 0.243301, -0.213564
1.335, 0.243088, -0.223374
1.336, 0.242864, -0.233184
1.337, 0.242631, -0.242994
1.338, 0.242388, -0.252804
1.339, 0.242135, -0.262614
1.34, 0.241873, -0.272424
1.341, 0.241600, -0.282234
1.342, 0.241318, -0.292044
1.343, 0.241026, -0.301854
1.344, 0.240724, -0.311664
1.345, 0.240412, -0.321474
1.346, 0.240091, -0.331284
1.347, 0.239760, -0.341094
1.348, 0.239419, -0.350904
1.349, 0.239068, -0.360714
1.35, 0.238707, -0.370524
1.351, 0.238337, -0.380334
1.352, 0.237956, -0.390144
1.353, 0.237566, -0.399954
1.354, 0.237166, -0.409764
1.355, 0.236756, -0.419574
1.356, 0.236337, -0.429384
1.357, 0.235907, -0.439194
1.358, 0.235468, -0.449004
1.359, 0.235019, -0.458814
1.36, 0.234560, -0.468624
1.361, 0.234092, -0.478434
1.362, 0.233613, -0.488244
1.363, 0.233125, -0.498054
1.364, 0.232627, -0.507864
1.365, 0.232119, -0.517674
1.366, 0.231601, -0.527484
1.367, 0.231074, -0.537294
1.368, 0.230537, -0.547104
1.369, 0.229990, -0.556914
1.37, 0.229433, -0.566724
1.371, 0.228866, -0.576534
1.372, 0.228289, -0.586344
1.373, 0.227703, -0.596154
1.374, 0.227107, -0.605964
1.375, 0.226501, -0.615774
1.376, 0.225885, -0.625584
1.377, 0.225260, -0.635394
1.378, 0.224624, -0.645204
1.379, 0.223979, -0.655014
1.38, 0.223324, -0.664824
1.381, 0.222659, -0.674634
1.382, 0.221985, -0.684444
1.383, 0.221300, -0.694254
1.384, 0.220606, -0.704064
1.385, 0.219902, -0.713874
1.386, 0.219188, -0.723684
1.387, 0.218464, -0.733494
1.388, 0.217731, -0.743304
1.389, 0.216987, -0.753114
1.39, 0.216234, -0.762924
1.391, 0.215471, -0.772734
1.392, 0.214699, -0.782544
1.393, 0.213916, -0.792354
1.394, 0.213124, -0.802164
1.395, 0.212322, -0.811974
1.396, 0.211510, -0.821784
1.397, 0.210688, -0.831594
1.398, 0.209856, -0.841404
1.399, 0.209015, -0.851214
1.4, 0.208164, -0.861024
1.401, 0.207303, -0.870834
1.402, 0.206432, -0.880644
1.403, 0.205551, -0.890454
1.404, 0.204661, -0.900264
1.405, 0.203760, -0.910074
1.406, 0.202850, -0.919884
1.407, 0.201930, -0.929694
1.408, 0.201001, -0.939504
1.409, 0.200061, -0.949314
1.41, 0.199112, -0.959124
1.411, 0.198153, -0.968934
1.412, 0.197184, -0.978744
1.413, 0.196205, -0.988554
1.414, 0.195217, -0.998364
1.415, 0.194218, -1.008174
1.416, 0.193210, -1.017984
1.417, 0.192192, -1.027794
1.418, 0.191164, -1.037604
1.419, 0.190127, -1.047414
1.42, 0.189079, -1.057224
1.421, 0.188022, -1.067034
1.422, 0.186955, -1.076844
1.423, 0.185878, -1.086654
1.424, 0.184791, -1.096464
1.425, 0.183695, -1.106274
1.426, 0.182589, -1.116084
1.427, 0.181473, -1.125894
1.428, 0.180347, -1.135704
1.429, 0.179211, -1.145514
1.43, 0.178066, -1.155324
1.431, 0.176910, -1.165134
1.432, 0.175745, -1.174944
1.433, 0.174570, -1.184754
1.434, 0.173385, -1.194564
1.435, 0.172191, -1.204374
1.436, 0.170986, -1.214184
1.437, 0.169772, -1.223994
1.438, 0.168548, -1.233804
1.439, 0.167314, -1.243614
1.44, 0.166071, -1.253424
1.441, 0.164817, -1.263234
1.442, 0.163554, -1.273044
1.443, 0.162281, -1.282854
1.444, 0.160998, -1.292664
1.445, 0.159706, -1.302474
1.446, 0.158403, -1.312284
1.447, 0.157091, -1.322094
1.448, 0.155769, -1.331904
1.449, 0.154437, -1.341714
1.45, 0.153095, -1.351524
1.451, 0.151744, -1.361334
1.452, 0.150382, -1.371144
1.453, 0.149011, -1.380954
1.454, 0.147630, -1.390764
1.455, 0.146239, -1.400574
1.456, 0.144839, -1.410384
1.457, 0.143428, -1.420194
1.458, 0.142008, -1.430004
1.459, 0.140578, -1.439814
1.46, 0.139138, -1.449624
1.461, 0.137689, -1.459434
1.462, 0.136229, -1.469244
1.463, 0.134760, -1.479054
1.464, 0.133281, -1.488864
1.465, 0.131792, -1.498674
1.466, 0.130294, -1.508484
1.467, 0.128785, -1.518294
1.468, 0.127267, -1.528104
1.469, 0.125739, -1.537914
1.47, 0.124201, -1.547724
1.471, 0.122653, -1.557534
1.472, 0.121096, -1.567344
1.473, 0.119528, -1.577154
1.474, 0.117951, -1.586964
1.475, 0.116364, -1.596774
1.476, 0.114767, -1.606584
1.477, 0.113161, -1.616394
1.478, 0.111544, -1.626204
1.479, 0.109918, -1.636014
1.48, 0.108282, -1.645824
1.481, 0.106636, -1.655634
1.482, 0.104981, -1.665444
1.483, 0.103315, -1.675254
1.484, 0.101640, -1.685064
1.485, 0.099955, -1.694874
1.486, 0.098260, -1.704684
1.487, 0.096555, -1.714494
1.488, 0.094841, -1.724304
1.489, 0.093117, -1.734114
1.49, 0.091382, -1.743924
1.491, 0.089638, -1.753734
1.492, 0.087885, -1.763544
1.493, 0.086121, -1.773354
1.494, 0.084348, -1.783164
1.495, 0.082565, -1.792974
1.496, 0.080772, -1.802784
1.497, 0.078969, -1.812594
1.498, 0.077156, -1.822404
1.499, 0.075334, -1.832214
1.5, 0.073502, -1.842024
1.501, 0.071660, -1.851834
1.502, 0.069808, -1.861644
1.503, 0.067946, -1.871454
1.504, 0.066075, -1.881264
1.505, 0.064194, -1.891074
1.506, 0.062302, -1.900884
1.507, 0.060402, -1.910694
1.508, 0.058491, -1.920504
1.509, 0.056570, -1.930314
1.51, 0.054640, -1.940124
1.511, 0.052700, -1.949934
1.512, 0.050750, -1.959744
1.513, 0.048790, -1.969554
1.514, 0.046821, -1.979364
1.515, 0.044841, -1.989174
1.516, 0.042852, -1.998984
1.517, 0.040853, -2.008794
1.518, 0.038844, -2.018604
1.519, 0.036826, -2.028414
1.52, 0.034797, -2.038224
1.521, 0.032759, -2.048034
1.522, 0.030711, -2.057844
1.523, 0.028653, -2.067654
1.524, 0.026586, -2.077464
1.525, 0.024508, -2.087274
1.526, 0.022421, -2.097084
1.527, 0.020324, -2.106894
1.528, 0.018217, -2.116704
1.529, 0.016100, -2.126514
1.53, 0.013974, -2.136324
1.531, 0.011837, -2.146134
1.532, 0.009691, -2.155944
1.533, 0.007535, -2.165754
1.534, 0.005370, -2.175564
1.535, 0.003194, -2.185374
1.536, 0.001009, -2.195184
1.537, 0.000000, 1.543496
1.538, 0.001543, 1.533686
1.539, 0.003077, 1.523876
1.54, 0.004601, 1.514066
1.541, 0.006115, 1.504256
1.542, 0.007619, 1.494446
1.543, 0.009114, 1.484636
1.544, 0.010598, 1.474826
1.545, 0.012073, 1.465016
1.546, 0.013538, 1.455206
1.547, 0.014994, 1.445396
1.548, 0.016439, 1.435586
1.549, 0.017874, 1.425776
1.55, 0.019300, 1.415966
1.551, 0.020716, 1.406156
1.552, 0.022122, 1.396346
1.553, 0.023519, 1.386536
1.554, 0.024905, 1.376726
1.555, 0.026282, 1.366916
1.556, 0.027649, 1.357106
1.557, 0.029006, 1.347296
1.558, 0.030353, 1.337486
1.559, 0.031691, 1.327676
1.56, 0.033018, 1.317866
1.561, 0.034336, 1.308056
1.562, 0.035644, 1.298246
1.563, 0.036943, 1.288436
1.564, 0.038231, 1.278626
1.565, 0.039510, 1.268816
1.566, 0.040779, 1.259006
1.567, 0.042038, 1.249196
1.568, 0.043287, 1.239386
1.569, 0.044526, 1.229576
1.57, 0.045756, 1.219766
1.571, 0.046975, 1.209956
1.572, 0.048185, 1.200146
1.573, 0.049386, 1.190336
1.574, 0.050576, 1.180526
1.575, 0.051756, 1.170716
1.576, 0.052927, 1.160906
1.577, 0.054088, 1.151096
1.578, 0.055239, 1.141286
1.579, 0.056380, 1.131476
1.58, 0.057512, 1.121666
1.581, 0.058634, 1.111856
1.582, 0.059745, 1.102046
1.583, 0.060847, 1.092236
1.584, 0.061940, 1.082426
1.585, 0.063022, 1.072616
1.586, 0.064095, 1.062806
1.587, 0.065158, 1.052996
1.588, 0.066211, 1.043186
1.589, 0.067254, 1.033376
1.59, 0.068287, 1.023566
1.591, 0.069311, 1.013756
1.592, 0.070324, 1.003946
1.593, 0.071328, 0.994136
1.594, 0.072322, 0.984326
1.595, 0.073307, 0.974516
1.596, 0.074281, 0.964706
1.597, 0.075246, 0.954896
1.598, 0.076201, 0.945086
1.599, 0.077146, 0.935276
1.6, 0.078081, 0.925466
1.601, 0.079007, 0.915656
1.602, 0.079922, 0.905846
1.603, 0.080828, 0.896036
1.604, 0.081724, 0.886226
1.605, 0.082611, 0.876416
1.606, 0.083487, 0.866606
1.607, 0.084354, 0.856796
1.608, 0.085210, 0.846986
1.609, 0.086057, 0.837176
1.61, 0.086894, 0.827366
1.611, 0.087722, 0.817556
1.612, 0.088539, 0.807746
1.613, 0.089347, 0.797936
1.614, 0.090145, 0.788126
1.615, 0.090933, 0.778316
1.616, 0.091712, 0.768506
1.617, 0.092480, 0.758696
1.618, 0.093239, 0.748886
1.619, 0.093988, 0.739076
1.62, 0.094727, 0.729266
1.621, 0.095456, 0.719456
1.622, 0.096175, 0.709646
1.623, 0.096885, 0.699836
1.624, 0.097585, 0.690026
1.625, 0.098275, 0.680216
1.626, 0.098955, 0.670406
1.627, 0.099626, 0.660596
1.628, 0.100286, 0.650786
1.629, 0.100937, 0.640976
1.63, 0.101578, 0.631166
1.631, 0.102209, 0.621356
1.632, 0.102830, 0.611546
1.633, 0.103442, 0.601736
1.634, 0.104044, 0.591926
1.635, 0.104636, 0.582116
1.636, 0.105218, 0.572306
1.637, 0.105790, 0.562496
1.638, 0.106353, 0.552686
1.639, 0.106905, 0.542876
1.64, 0.107448, 0.533066
1.641, 0.107981, 0.523256
1.642, 0.108504, 0.513446
1.643, 0.109018, 0.503636
1.644, 0.109522, 0.493826
1.645, 0.110015, 0.484016
1.646, 0.110499, 0.474206
1.647, 0.110974, 0.464396
1.648, 0.111438, 0.454586
1.649, 0.111893, 0.444776
1.65, 0.112337, 0.434966
1.651, 0.112772, 0.425156
1.652, 0.113197, 0.415346
1.653, 0.113613, 0.405536
1.654, 0.114018, 0.395726
1.655, 0.114414, 0.385916
1.656, 0.114800, 0.376106
1.657, 0.115176, 0.366296
1.658, 0.115542, 0.356486
1.659, 0.115899, 0.346676
1.66, 0.116246, 0.336866
1.661, 0.116582, 0.327056
1.662, 0.116909, 0.317246
1.663, 0.117227, 0.307436
1.664, 0.117534, 0.297626
1.665, 0.117832, 0.287816
1.666, 0.118120, 0.278006
1.667, 0.118398, 0.268196
1.668, 0.118666, 0.258386
1.669, 0.118924, 0.248576
1.67, 0.119173, 0.238766
1.671, 0.119411, 0.228956
1.672, 0.119640, 0.219146
1.673, 0.119860, 0.209336
1.674, 0.120069, 0.199526
1.675, 0.120268, 0.189716
1.676, 0.120458, 0.179906
1.677, 0.120638, 0.170096
1.678, 0.120808, 0.160286
1.679, 0.120968, 0.150476
1.68, 0.121119, 0.140666
1.681, 0.121260, 0.130856
1.682, 0.121390, 0.121046
1.683, 0.121512, 0.111236
1.684, 0.121623, 0.101426
1.685, 0.121724, 0.091616
1.686, 0.121816, 0.081806
1.687, 0.121898, 0.071996
1.688, 0.121970, 0.062186
1.689, 0.122032, 0.052376
1.69, 0.122084, 0.042566
1.691, 0.122127, 0.032756
1.692, 0.122159, 0.022946
1.693, 0.122182, 0.013136
1.694, 0.122196, 0.003326
1.695, 0.122199, -0.006484
1.696, 0.122192, -0.016294
1.697, 0.122176, -0.026104
1.698, 0.122150, -0.035914
1.699, 0.122114, -0.045724
1.7, 0.122068, -0.055534
1.701, 0.122013, -0.065344
1.702, 0.121947, -0.075154
1.703, 0.121872, -0.084964
1.704, 0.121787, -0.094774
1.705, 0.121693, -0.104584
1.706, 0.121588, -0.114394
1.707, 0.121474, -0.124204
1.708, 0.121349, -0.134014
1.709, 0.121215, -0.143824
1.71, 0.121072, -0.153634
1.711, 0.120918, -0.163444
1.712, 0.120754, -0.173254
1.713, 0.120581, -0.183064
1.714, 0.120398, -0.192874
1.715, 0.120205, -0.202684
1.716, 0.120003, -0.212494
1.717, 0.119790, -0.222304
1.718, 0.119568, -0.232114
1.719, 0.119336, -0.241924
1.72, 0.119094, -0.251734
1.721, 0.118842, -0.261544
1.722, 0.118580, -0.271354
1.723, 0.118309, -0.281164
1.724, 0.118028, -0.290974
1.725, 0.117737, -0.300784
1.726, 0.117436, -0.310594
1.727, 0.117126, -0.320404
1.728, 0.116805, -0.330214
1.729, 0.116475, -0.340024
1.73, 0.116135, -0.349834
1.731, 0.115785, -0.359644
1.732, 0.115425, -0.369454
1.733, 0.115056, -0.379264
1.734, 0.114677, -0.389074
1.735, 0.114288, -0.398884
1.736, 0.113889, -0.408694
1.737, 0.113480, -0.418504
1.738, 0.113062, -0.428314
1.739, 0.112633, -0.438124
1.74, 0.112195, -0.447934
1.741, 0.111747, -0.457744
1.742, 0.111289, -0.467554
1.743, 0.110822, -0.477364
1.744, 0.110345, -0.487174
1.745, 0.109857, -0.496984
1.746, 0.109360, -0.506794
1.747, 0.108854, -0.516604
1.748, 0.108337, -0.526414
1.749, 0.107811, -0.536224
1.75, 0.107274, -0.546034
1.751, 0.106728, -0.555844
1.752, 0.106173, -0.565654
1.753, 0.105607, -0.575464
1.754, 0.105031, -0.585274
1.755, 0.104446, -0.595084
1.756, 0.103851, -0.604894
1.757, 0.103246, -0.614704
1.758, 0.102631, -0.624514
1.759, 0.102007, -0.634324
1.76, 0.101373, -0.644134
1.761, 0.100728, -0.653944
1.762, 0.100075, -0.663754
1.763, 0.099411, -0.673564
1.764, 0.098737, -0.683374
1.765, 0.098054, -0.693184
1.766, 0.097361, -0.702994
1.767, 0.096658, -0.712804
1.768, 0.095945, -0.722614
1.769, 0.095222, -0.732424
1.77, 0.094490, -0.742234
1.771, 0.093748, -0.752044
1.772, 0.092996, -0.761854
1.773, 0.092234, -0.771664
1.774, 0.091462, -0.781474
1.775, 0.090681, -0.791284
1.776, 0.089889, -0.801094
1.777, 0.089088, -0.810904
1.778, 0.088277, -0.820714
1.779, 0.087457, -0.830524
1.78, 0.086626, -0.840334
1.781, 0.085786, -0.850144
1.782, 0.084936, -0.859954
1.783, 0.084076, -0.869764
1.784, 0.083206, -0.879574
1.785, 0.082326, -0.889384
1.786, 0.081437, -0.899194
1.787, 0.080538, -0.909004
1.788, 0.079629, -0.918814
1.789, 0.078710, -0.928624
1.79, 0.077781, -0.938434
1.791, 0.076843, -0.948244
1.792, 0.075895, -0.958054
1.793, 0.074936, -0.967864
1.794, 0.073969, -0.977674
1.795, 0.072991, -0.987484
1.796, 0.072003, -0.997294
1.797, 0.071006, -1.007104
1.798, 0.069999, -1.016914
1.799, 0.068982, -1.026724
1.8, 0.067955, -1.036534
1.801, 0.066919, -1.046344
1.802, 0.065873, -1.056154
1.803, 0.064816, -1.065964
1.804, 0.063750, -1.075774
1.805, 0.062675, -1.085584
1.806, 0.061589, -1.095394
1.807, 0.060494, -1.105204
1.808, 0.059388, -1.115014
1.809, 0.058273, -1.124824
1.81, 0.057149, -1.134634
1.811, 0.056014, -1.144444
1.812, 0.054870, -1.154254
1.813, 0.053715, -1.164064
1.814, 0.052551, -1.173874
1.815, 0.051377, -1.183684
1.816, 0.050194, -1.193494
1.817, 0.049000, -1.203304
1.818, 0.047797, -1.213114
1.819, 0.046584, -1.222924
1.82, 0.045361, -1.232734
1.821, 0.044128, -1.242544
1.822, 0.042886, -1.252354
1.823, 0.041633, -1.262164
1.824, 0.040371, -1.271974
1.825, 0.039099, -1.281784
1.826, 0.037817, -1.291594
1.827, 0.036526, -1.301404
1.828, 0.035224, -1.311214
1.829, 0.033913, -1.321024
1.83, 0.032592, -1.330834
1.831, 0.031261, -1.340644
1.832, 0.029921, -1.350454
1.833, 0.028570, -1.360264
1.834, 0.027210, -1.370074
1.835, 0.025840, -1.379884
1.836, 0.024460, -1.389694
1.837, 0.023070, -1.399504
1.838, 0.021671, -1.409314
1.839, 0.020261, -1.419124
1.84, 0.018842, -1.428934
1.841, 0.017413, -1.438744
1.842, 0.015975, -1.448554
1.843, 0.014526, -1.458364
1.844, 0.013068, -1.468174
1.845, 0.011599, -1.477984
1.846, 0.010121, -1.487794
1.847, 0.008634, -1.497604
1.848, 0.007136, -1.507414
1.849, 0.005629, -1.517224
1.85, 0.004111, -1.527034
1.851, 0.002584, -1.536844
1.852, 0.001048, -1.546654
1.853, 0.000000, 1.089525
1.854, 0.001090, 1.079715
1.855, 0.002169, 1.069905
1.856, 0.003239, 1.060095
1.857, 0.004299, 1.050285
1.858, 0.005350, 1.040475
1.859, 0.006390, 1.030665
1.86, 0.007421, 1.020855
1.861, 0.008442, 1.011045
1.862, 0.009453, 1.001235
1.863, 0.010454, 0.991425
1.864, 0.011445, 0.981615
1.865, 0.012427, 0.971805
1.866, 0.013399, 0.961995
1.867, 0.014361, 0.952185
1.868, 0.015313, 0.942375
1.869, 0.016255, 0.932565
1.87, 0.017188, 0.922755
1.871, 0.018111, 0.912945
1.872, 0.019023, 0.903135
1.873, 0.019927, 0.893325
1.874, 0.020820, 0.883515
1.875, 0.021703, 0.873705
1.876, 0.022577, 0.863895
1.877, 0.023441, 0.854085
1.878, 0.024295, 0.844275
1.879, 0.025139, 0.834465
1.88, 0.025974, 0.824655
1.881, 0.026799, 0.814845
1.882, 0.027613, 0.805035
1.883, 0.028418, 0.795225
1.884, 0.029214, 0.785415
1.885, 0.029999, 0.775605
1.886, 0.030775, 0.765795
1.887, 0.031540, 0.755985
1.888, 0.032296, 0.746175
1.889, 0.033043, 0.736365
1.89, 0.033779, 0.726555
1.891, 0.034506, 0.716745
1.892, 0.035222, 0.706935
1.893, 0.035929, 0.697125
1.894, 0.036626, 0.687315
1.895, 0.037314, 0.677505
1.896, 0.037991, 0.667695
1.897, 0.038659, 0.657885
1.898, 0.039317, 0.648075
1.899, 0.039965, 0.638265
1.9, 0.040603, 0.628455
1.901, 0.041232, 0.618645
1.902, 0.041850, 0.608835
1.903, 0.042459, 0.599025
1.904, 0.043058, 0.589215
1.905, 0.043647, 0.579405
1.906, 0.044227, 0.569595
1.907, 0.044796, 0.559785
1.908, 0.045356, 0.549975
1.909, 0.045906, 0.540165
1.91, 0.046446, 0.530355
1.911, 0.046977, 0.520545
1.912, 0.047497, 0.510735
1.913, 0.048008, 0.500925
1.914, 0.048509, 0.491115
1.915, 0.049000, 0.481305
1.916, 0.049481, 0.471495
1.917, 0.049953, 0.461685
1.918, 0.050414, 0.451875
1.919, 0.050866, 0.442065
1.92, 0.051308, 0.432255
1.921, 0.051741, 0.422445
1.922, 0.052163, 0.412635
1.923, 0.052576, 0.402825
1.924, 0.052978, 0.393015
1.925, 0.053371, 0.383205
1.926, 0.053755, 0.373395
1.927, 0.054128, 0.363585
1.928, 0.054492, 0.353775
1.929, 0.054845, 0.343965
1.93, 0.055189, 0.334155
1.931, 0.055524, 0.324345
1.932, 0.055848, 0.314535
1.933, 0.056162, 0.304725
1.934, 0.056467, 0.294915
1.935, 0.056762, 0.285105
1.936, 0.057047, 0.275295
1.937, 0.057322, 0.265485
1.938, 0.057588, 0.255675
1.939, 0.057844, 0.245865
1.94, 0.058089, 0.236055
1.941, 0.058326, 0.226245
1.942, 0.058552, 0.216435
1.943, 0.058768, 0.206625
1.944, 0.058975, 0.196815
1.945, 0.059172, 0.187005
1.946, 0.059359, 0.177195
1.947, 0.059536, 0.167385
1.948, 0.059703, 0.157575
1.949, 0.059861, 0.147765
1.95, 0.060009, 0.137955
1.951, 0.060147, 0.128145
1.952, 0.060275, 0.118335
1.953, 0.060393, 0.108525
1.954, 0.060502, 0.098715
1.955, 0.060600, 0.088905
1.956, 0.060689, 0.079095
1.957, 0.060768, 0.069285
1.958, 0.060838, 0.059475
1.959, 0.060897, 0.049665
1.96, 0.060947, 0.039855
1.961, 0.060987, 0.030045
1.962, 0.061017, 0.020235
1.963, 0.061037, 0.010425
1.964, 0.061047, 0.000615
1.965, 0.061048, -0.009195
1.966, 0.061039, -0.019005
1.967, 0.061020, -0.028815
1.968, 0.060991, -0.038625
1.969, 0.060952, -0.048435
1.97, 0.060904, -0.058245
1.971, 0.060846, -0.068055
1.972, 0.060777, -0.077865
1.973, 0.060700, -0.087675
1.974, 0.060612, -0.097485
1.975, 0.060514, -0.107295
1.976, 0.060407, -0.117105
1.977, 0.060290, -0.126915
1.978, 0.060163, -0.136725
1.979, 0.060026, -0.146535
1.98, 0.059880, -0.156345
1.981, 0.059724, -0.166155
1.982, 0.059557, -0.175965
1.983, 0.059381, -0.185775
1.984, 0.059196, -0.195585
1.985, 0.059000, -0.205395
1.986, 0.058795, -0.215205
1.987, 0.058579, -0.225015
1.988, 0.058354, -0.234825
1.989, 0.058120, -0.244635
1.99, 0.057875, -0.254445
1.991, 0.057621, -0.264255
1.992, 0.057356, -0.274065
1.993, 0.057082, -0.283875
1.994, 0.056798, -0.293685
1.995, 0.056505, -0.303495
1.996, 0.056201, -0.313305
1.997, 0.055888, -0.323115
1.998, 0.055565, -0.332925
1.999, 0.055232, -0.342735
2, 0.054889, -0.352545
2.001, 0.054537, -0.362355
2.002, 0.054174, -0.372165
2.003, 0.053802, -0.381975
2.004, 0.053420, -0.391785
2.005, 0.053028, -0.401595
2.006, 0.052627, -0.411405
2.007, 0.052215, -0.421215
2.008, 0.051794, -0.431025
2.009, 0.051363, -0.440835
2.01, 0.050922, -0.450645
2.011, 0.050472, -0.460455
2.012, 0.050011, -0.470265
2.013, 0.049541, -0.480075
2.014, 0.049061, -0.489885
2.015, 0.048571, -0.499695
2.016, 0.048071, -0.509505
2.017, 0.047562, -0.519315
2.018, 0.047042, -0.529125
2.019, 0.046513, -0.538935
2.02, 0.045974, -0.548745
2.021, 0.045426, -0.558555
2.022, 0.044867, -0.568365
2.023, 0.044299, -0.578175
2.024, 0.043720, -0.587985
2.025, 0.043132, -0.597795
2.026, 0.042535, -0.607605
2.027, 0.041927, -0.617415
2.028, 0.041310, -0.627225
2.029, 0.040682, -0.637035
2.03, 0.040045, -0.646845
2.031, 0.039399, -0.656655
2.032, 0.038742, -0.666465
2.033, 0.038075, -0.676275
2.034, 0.037399, -0.686085
2.035, 0.036713, -0.695895
2.036, 0.036017, -0.705705
2.037, 0.035311, -0.715515
2.038, 0.034596, -0.725325
2.039, 0.033871, -0.735135
2.04, 0.033135, -0.744945
2.041, 0.032391, -0.754755
2.042, 0.031636, -0.764565
2.043, 0.030871, -0.774375
2.044, 0.030097, -0.784185
2.045, 0.029313, -0.793995
2.046, 0.028519, -0.803805
2.047, 0.027715, -0.813615
2.048, 0.026901, -0.823425
2.049, 0.026078, -0.833235
2.05, 0.025245, -0.843045
2.051, 0.024402, -0.852855
2.052, 0.023549, -0.862665
2.053, 0.022686, -0.872475
2.054, 0.021814, -0.882285
2.055, 0.020931, -0.892095
2.056, 0.020039, -0.901905
2.057, 0.019137, -0.911715
2.058, 0.018226, -0.921525
2.059, 0.017304, -0.931335
2.06, 0.016373, -0.941145
2.061, 0.015432, -0.950955
2.062, 0.014481, -0.960765
2.063, 0.013520, -0.970575
2.064, 0.012549, -0.980385
2.065, 0.011569, -0.990195
2.066, 0.010579, -1.000005
2.067, 0.009579, -1.009815
2.068, 0.008569, -1.019625
2.069, 0.007549, -1.029435
2.07, 0.006520, -1.039245
2.071, 0.005481, -1.049055
2.072, 0.004431, -1.058865
2.073, 0.003373, -1.068675
2.074, 0.002304, -1.078485
2.075, 0.001225, -1.088295
2.076, 0.000137, -1.098105
2.077, 0.000000, 0.775540
2.078, 0.000776, 0.765730
2.079, 0.001541, 0.755920
2.08, 0.002297, 0.746110
2.081, 0.003043, 0.736300
2.082, 0.003780, 0.726490
2.083, 0.004506, 0.716680
2.084, 0.005223, 0.706870
2.085, 0.005930, 0.697060
2.086, 0.006627, 0.687250
2.087, 0.007314, 0.677440
2.088, 0.007991, 0.667630
2.089, 0.008659, 0.657820
2.09, 0.009317, 0.648010
2.091, 0.009965, 0.638200
2.092, 0.010603, 0.628390
2.093, 0.011231, 0.618580
2.094, 0.011850, 0.608770
2.095, 0.012459, 0.598960
2.096, 0.013058, 0.589150
2.097, 0.013647, 0.579340
2.098, 0.014226, 0.569530
2.099, 0.014796, 0.559720
2.1, 0.015356, 0.549910
2.101, 0.015905, 0.540100
2.102, 0.016446, 0.530290
2.103, 0.016976, 0.520480
2.104, 0.017496, 0.510670
2.105, 0.018007, 0.500860
2.106, 0.018508, 0.491050
2.107, 0.018999, 0.481240
2.108, 0.019480, 0.471430
2.109, 0.019952, 0.461620
2.11, 0.020413, 0.451810
2.111, 0.020865, 0.442000
2.112, 0.021307, 0.432190
2.113, 0.021739, 0.422380
2.114, 0.022162, 0.412570
2.115, 0.022574, 0.402760
2.116, 0.022977, 0.392950
2.117, 0.023370, 0.383140
2.118, 0.023753, 0.373330
2.119, 0.024126, 0.363520
2.12, 0.024490, 0.353710
2.121, 0.024844, 0.343900
2.122, 0.025187, 0.334090
2.123, 0.025522, 0.324280
2.124, 0.025846, 0.314470
2.125, 0.026160, 0.304660
2.126, 0.026465, 0.294850
2.127, 0.026760, 0.285040
2.128, 0.027045, 0.275230
2.129, 0.027320, 0.265420
2.13, 0.027585, 0.255610
2.131, 0.027841, 0.245800
2.132, 0.028087, 0.235990
2.133, 0.028323, 0.226180
2.134, 0.028549, 0.216370
2.135, 0.028765, 0.206560
2.136, 0.028972, 0.196750
2.137, 0.029169, 0.186940
2.138, 0.029356, 0.177130
2.139, 0.029533, 0.167320
2.14, 0.029700, 0.157510
2.141, 0.029858, 0.147700
2.142, 0.030005, 0.137890
2.143, 0.030143, 0.128080
2.144, 0.030271, 0.118270
2.145, 0.030390, 0.108460
2.146, 0.030498, 0.098650
2.147, 0.030597, 0.088840
2.148, 0.030686, 0.079030
2.149, 0.030765, 0.069220
2.15, 0.030834, 0.059410
2.151, 0.030893, 0.049600
2.152, 0.030943, 0.039790
2.153, 0.030983, 0.029980
2.154, 0.031013, 0.020170
2.155, 0.031033, 0.010360
2.156, 0.031043, 0.000550
2.157, 0.031044, -0.009260
2.158, 0.031034, -0.019070
2.159, 0.031015, -0.028880
2.16, 0.030986, -0.038690
2.161, 0.030948, -0.048500
2.162, 0.030899, -0.058310
2.163, 0.030841, -0.068120
2.164, 0.030773, -0.077930
2.165, 0.030695, -0.087740
2.166, 0.030607, -0.097550
2.167, 0.030510, -0.107360
2.168, 0.030402, -0.117170
2.169, 0.030285, -0.126980
2.17, 0.030158, -0.136790
2.171, 0.030021, -0.146600
2.172, 0.029875, -0.156410
2.173, 0.029718, -0.166220
2.174, 0.029552, -0.176030
2.175, 0.029376, -0.185840
2.176, 0.029190, -0.195650
2.177, 0.028995, -0.205460
2.178, 0.028789, -0.215270
2.179, 0.028574, -0.225080
2.18, 0.028349, -0.234890
2.181, 0.028114, -0.244700
2.182, 0.027869, -0.254510
2.183, 0.027615, -0.264320
2.184, 0.027350, -0.274130
2.185, 0.027076, -0.283940
2.186, 0.026792, -0.293750
2.187, 0.026498, -0.303560
2.188, 0.026195, -0.313370
2.189, 0.025882, -0.323180
2.19, 0.025558, -0.332990
2.191, 0.025225, -0.342800
2.192, 0.024883, -0.352610
2.193, 0.024530, -0.362420
2.194, 0.024168, -0.372230
2.195, 0.023795, -0.382040
2.196, 0.023413, -0.391850
2.197, 0.023021, -0.401660
2.198, 0.022620, -0.411470
2.199, 0.022208, -0.421280
2.2, 0.021787, -0.431090
2.201, 0.021356, -0.440900
2.202, 0.020915, -0.450710
2.203, 0.020464, -0.460520
2.204, 0.020004, -0.470330
2.205, 0.019533, -0.480140
2.206, 0.019053, -0.489950
2.207, 0.018563, -0.499760
2.208, 0.018064, -0.509570
2.209, 0.017554, -0.519380
2.21, 0.017035, -0.529190
2.211, 0.016506, -0.539000
2.212, 0.015967, -0.548810
2.213, 0.015418, -0.558620
2.214, 0.014859, -0.568430
2.215, 0.014291, -0.578240
2.216, 0.013712, -0.588050
2.217, 0.013124, -0.597860
2.218, 0.012527, -0.607670
2.219, 0.011919, -0.617480
2.22, 0.011301, -0.627290
2.221, 0.010674, -0.637100
2.222, 0.010037, -0.646910
2.223, 0.009390, -0.656720
2.224, 0.008733, -0.666530
2.225, 0.008067, -0.676340
2.226, 0.007390, -0.686150
2.227, 0.006704, -0.695960
2.228, 0.006008, -0.705770
2.229, 0.005303, -0.715580
2.23, 0.004587, -0.725390
2.231, 0.003862, -0.735200
2.232, 0.003126, -0.745010
2.233, 0.002381, -0.754820
2.234, 0.001627, -0.764630
2.235, 0.000862, -0.774440
2.236, 0.000088, -0.784250
2.237, 0.000000, 0.555842
2.238, 0.000556, 0.546032
2.239, 0.001102, 0.536222
2.24, 0.001638, 0.526412
2.241, 0.002165, 0.516602
2.242, 0.002681, 0.506792
2.243, 0.003188, 0.496982
2.244, 0.003685, 0.487172
2.245, 0.004172, 0.477362
2.246, 0.004649, 0.467552
2.247, 0.005117, 0.457742
2.248, 0.005575, 0.447932
2.249, 0.006023, 0.438122
2.25, 0.006461, 0.428312
2.251, 0.006889, 0.418502
2.252, 0.007308, 0.408692
2.253, 0.007716, 0.398882
2.254, 0.008115, 0.389072
2.255, 0.008504, 0.379262
2.256, 0.008883, 0.369452
2.257, 0.009253, 0.359642
2.258, 0.009613, 0.349832
2.259, 0.009962, 0.340022
2.26, 0.010302, 0.330212
2.261, 0.010633, 0.320402
2.262, 0.010953, 0.310592
2.263, 0.011264, 0.300782
2.264, 0.011564, 0.290972
2.265, 0.011855, 0.281162
2.266, 0.012137, 0.271352
2.267, 0.012408, 0.261542
2.268, 0.012669, 0.251732
2.269, 0.012921, 0.241922
2.27, 0.013163, 0.232112
2.271, 0.013395, 0.222302
2.272, 0.013618, 0.212492
2.273, 0.013830, 0.202682
2.274, 0.014033, 0.192872
2.275, 0.014226, 0.183062
2.276, 0.014409, 0.173252
2.277, 0.014582, 0.163442
2.278, 0.014745, 0.153632
2.279, 0.014899, 0.143822
2.28, 0.015043, 0.134012
2.281, 0.015177, 0.124202
2.282, 0.015301, 0.114392
2.283, 0.015415, 0.104582
2.284, 0.015520, 0.094772
2.285, 0.015615, 0.084962
2.286, 0.015700, 0.075152
2.287, 0.015775, 0.065342
2.288, 0.015840, 0.055532
2.289, 0.015896, 0.045722
2.29, 0.015941, 0.035912
2.291, 0.015977, 0.026102
2.292, 0.016003, 0.016292
2.293, 0.016020, 0.006482
2.294, 0.016026, -0.003328
2.295, 0.016023, -0.013138
2.296, 0.016010, -0.022948
2.297, 0.015987, -0.032758
2.298, 0.015954, -0.042568
2.299, 0.015911, -0.052378
2.3, 0.015859, -0.062188
2.301, 0.015797, -0.071998
2.302, 0.015725, -0.081808
2.303, 0.015643, -0.091618
2.304, 0.015551, -0.101428
2.305, 0.015450, -0.111238
2.306, 0.015339, -0.121048
2.307, 0.015218, -0.130858
2.308, 0.015087, -0.140668
2.309, 0.014946, -0.150478
2.31, 0.014796, -0.160288
2.311, 0.014635, -0.170098
2.312, 0.014465, -0.179908
2.313, 0.014285, -0.189718
2.314, 0.014096, -0.199528
2.315, 0.013896, -0.209338
2.316, 0.013687, -0.219148
2.317, 0.013468, -0.228958
2.318, 0.013239, -0.238768
2.319, 0.013000, -0.248578
2.32, 0.012751, -0.258388
2.321, 0.012493, -0.268198
2.322, 0.012225, -0.278008
2.323, 0.011947, -0.287818
2.324, 0.011659, -0.297628
2.325, 0.011361, -0.307438
2.326, 0.011054, -0.317248
2.327, 0.010737, -0.327058
2.328, 0.010410, -0.336868
2.329, 0.010073, -0.346678
2.33, 0.009726, -0.356488
2.331, 0.009370, -0.366298
2.332, 0.009003, -0.376108
2.333, 0.008627, -0.385918
2.334, 0.008241, -0.395728
2.335, 0.007846, -0.405538
2.336, 0.007440, -0.415348
2.337, 0.007025, -0.425158
2.338, 0.006600, -0.434968
2.339, 0.006165, -0.444778
2.34, 0.005720, -0.454588
2.341, 0.005265, -0.464398
2.342, 0.004801, -0.474208
2.343, 0.004327, -0.484018
2.344, 0.003843, -0.493828
2.345, 0.003349, -0.503638
2.346, 0.002845, -0.513448
2.347, 0.002332, -0.523258
2.348, 0.001808, -0.533068
2.349, 0.001275, -0.542878
2.35, 0.000732, -0.552688
2.351, 0.000180, -0.562498
2.352, 0.000000, 0.400616
2.353, 0.000401, 0.390806
2.354, 0.000791, 0.380996
2.355, 0.001172, 0.371186
2.356, 0.001544, 0.361376
2.357, 0.001905, 0.351566
2.358, 0.002257, 0.341756
2.359, 0.002598, 0.331946
2.36, 0.002930, 0.322136
2.361, 0.003252, 0.312326
2.362, 0.003565, 0.302516
2.363, 0.003867, 0.292706
2.364, 0.004160, 0.282896
2.365, 0.004443, 0.273086
2.366, 0.004716, 0.263276
2.367, 0.004979, 0.253466
2.368, 0.005233, 0.243656
2.369, 0.005476, 0.233846
2.37, 0.005710, 0.224036
2.371, 0.005934, 0.214226
2.372, 0.006148, 0.204416
2.373, 0.006353, 0.194606
2.374, 0.006547, 0.184796
2.375, 0.006732, 0.174986
2.376, 0.006907, 0.165176
2.377, 0.007072, 0.155366
2.378, 0.007228, 0.145556
2.379, 0.007373, 0.135746
2.38, 0.007509, 0.125936
2.381, 0.007635, 0.116126
2.382, 0.007751, 0.106316
2.383, 0.007857, 0.096506
2.384, 0.007954, 0.086696
2.385, 0.008041, 0.076886
2.386, 0.008118, 0.067076
2.387, 0.008185, 0.057266
2.388, 0.008242, 0.047456
2.389, 0.008289, 0.037646
2.39, 0.008327, 0.027836
2.391, 0.008355, 0.018026
2.392, 0.008373, 0.008216
2.393, 0.008381, -0.001594
2.394, 0.008379, -0.011404
2.395, 0.008368, -0.021214
2.396, 0.008347, -0.031024
2.397, 0.008316, -0.040834
2.398, 0.008275, -0.050644
2.399, 0.008224, -0.060454
2.4, 0.008164, -0.070264
2.401, 0.008094, -0.080074
2.402, 0.008014, -0.089884
2.403, 0.007924, -0.099694
2.404, 0.007824, -0.109504
2.405, 0.007714, -0.119314
2.406, 0.007595, -0.129124
2.407, 0.007466, -0.138934
2.408, 0.007327, -0.148744
2.409, 0.007178, -0.158554
2.41, 0.007020, -0.168364
2.411, 0.006851, -0.178174
2.412, 0.006673, -0.187984
2.413, 0.006485, -0.197794
2.414, 0.006287, -0.207604
2.415, 0.006080, -0.217414
2.416, 0.005862, -0.227224
2.417, 0.005635, -0.237034
2.418, 0.005398, -0.246844
2.419, 0.005151, -0.256654
2.42, 0.004895, -0.266464
2.421, 0.004628, -0.276274
2.422, 0.004352, -0.286084
2.423, 0.004066, -0.295894
2.424, 0.003770, -0.305704
2.425, 0.003464, -0.315514
2.426, 0.003149, -0.325324
2.427, 0.002823, -0.335134
2.428, 0.002488, -0.344944
2.429, 0.002143, -0.354754
2.43, 0.001789, -0.364564
2.431, 0.001424, -0.374374
2.432, 0.001050, -0.384184
2.433, 0.000665, -0.393994
2.434, 0.000271, -0.403804
2.435, 0.000000, 0.289530
2.436, 0.000290, 0.279720
2.437, 0.000569, 0.269910
2.438, 0.000839, 0.260100
2.439, 0.001099, 0.250290
2.44, 0.001350, 0.240480
2.441, 0.001590, 0.230670
2.442, 0.001821, 0.220860
2.443, 0.002042, 0.211050
2.444, 0.002253, 0.201240
2.445, 0.002454, 0.191430
2.446, 0.002645, 0.181620
2.447, 0.002827, 0.171810
2.448, 0.002999, 0.162000
2.449, 0.003161, 0.152190
2.45, 0.003313, 0.142380
2.451, 0.003455, 0.132570
2.452, 0.003588, 0.122760
2.453, 0.003711, 0.112950
2.454, 0.003824, 0.103140
2.455, 0.003927, 0.093330
2.456, 0.004020, 0.083520
2.457, 0.004104, 0.073710
2.458, 0.004177, 0.063900
2.459, 0.004241, 0.054090
2.46, 0.004295, 0.044280
2.461, 0.004340, 0.034470
2.462, 0.004374, 0.024660
2.463, 0.004399, 0.014850
2.464, 0.004414, 0.005040
2.465, 0.004419, -0.004770
2.466, 0.004414, -0.014580
2.467, 0.004399, -0.024390
2.468, 0.004375, -0.034200
2.469, 0.004341, -0.044010
2.47, 0.004297, -0.053820
2.471, 0.004243, -0.063630
2.472, 0.004179, -0.073440
2.473, 0.004106, -0.083250
2.474, 0.004022, -0.093060
2.475, 0.003929, -0.102870
2.476, 0.003827, -0.112680
2.477, 0.003714, -0.122490
2.478, 0.003591, -0.132300
2.479, 0.003459, -0.142110
2.48, 0.003317, -0.151920
2.481, 0.003165, -0.161730
2.482, 0.003003, -0.171540
2.483, 0.002832, -0.181350
2.484, 0.002650, -0.191160
2.485, 0.002459, -0.200970
2.486, 0.002258, -0.210780
2.487, 0.002047, -0.220590
2.488, 0.001827, -0.230400
2.489, 0.001597, -0.240210
2.49, 0.001356, -0.250020
2.491, 0.001106, -0.259830
2.492, 0.000846, -0.269640
2.493, 0.000577, -0.279450
2.494, 0.000297, -0.289260
2.495, 0.000008, -0.299070
2.496, 0.000000, 0.216216
2.497, 0.000216, 0.206406
2.498, 0.000423, 0.196596
2.499, 0.000619, 0.186786
2.5, 0.000806, 0.176976
2.501, 0.000983, 0.167166
2.502, 0.001150, 0.157356
2.503, 0.001308, 0.147546
2.504, 0.001455, 0.137736
2.505, 0.001593, 0.127926
2.506, 0.001721, 0.118116
2.507, 0.001839, 0.108306
2.508, 0.001947, 0.098496
2.509, 0.002046, 0.088686
2.51, 0.002134, 0.078876
2.511, 0.002213, 0.069066
2.512, 0.002282, 0.059256
2.513, 0.002342, 0.049446
2.514, 0.002391, 0.039636
2.515, 0.002431, 0.029826
2.516, 0.002460, 0.020016
2.517, 0.002480, 0.010206
2.518, 0.002491, 0.000396
2.519, 0.002491, -0.009414
2.52, 0.002482, -0.019224
2.521, 0.002462, -0.029034
2.522, 0.002433, -0.038844
2.523, 0.002395, -0.048654
2.524, 0.002346, -0.058464
2.525, 0.002287, -0.068274
2.526, 0.002219, -0.078084
2.527, 0.002141, -0.087894
2.528, 0.002053, -0.097704
2.529, 0.001955, -0.107514
2.53, 0.001848, -0.117324
2.531, 0.001731, -0.127134
2.532, 0.001603, -0.136944
2.533, 0.001467, -0.146754
2.534, 0.001320, -0.156564
2.535, 0.001163, -0.166374
2.536, 0.000997, -0.176184
2.537, 0.000821, -0.185994
2.538, 0.000635, -0.195804
2.539, 0.000439, -0.205614
2.54, 0.000233, -0.215424
2.541, 0.000018, -0.225234
2.542, 0.000000, 0.164531
2.543, 0.000165, 0.154721
2.544, 0.000319, 0.144911
2.545, 0.000464, 0.135101
2.546, 0.000599, 0.125291
2.547, 0.000725, 0.115481
2.548, 0.000840, 0.105671
2.549, 0.000946, 0.095861
2.55, 0.001042, 0.086051
2.551, 0.001128, 0.076241
2.552, 0.001204, 0.066431
2.553, 0.001270, 0.056621
2.554, 0.001327, 0.046811
2.555, 0.001374, 0.037001
2.556, 0.001411, 0.027191
2.557, 0.001438, 0.017381
2.558, 0.001455, 0.007571
2.559, 0.001463, -0.002239
2.56, 0.001461, -0.012049
2.561, 0.001449, -0.021859
2.562, 0.001427, -0.031669
2.563, 0.001395, -0.041479
2.564, 0.001354, -0.051289
2.565, 0.001302, -0.061099
2.566, 0.001241, -0.070909
2.567, 0.001170, -0.080719
2.568, 0.001090, -0.090529
2.569, 0.000999, -0.100339
2.57, 0.000899, -0.110149
2.571, 0.000789, -0.119959
2.572, 0.000669, -0.129769
2.573, 0.000539, -0.139579
2.574, 0.000399, -0.149389
2.575, 0.000250, -0.159199
2.576, 0.000091, -0.169009
2.577, 0.000000, 0.125173
2.578, 0.000125, 0.115363
2.579, 0.000241, 0.105553
2.58, 0.000346, 0.095743
2.581, 0.000442, 0.085933
2.582, 0.000528, 0.076123
2.583, 0.000604, 0.066313
2.584, 0.000670, 0.056503
2.585, 0.000727, 0.046693
2.586, 0.000773, 0.036883
2.587, 0.000810, 0.027073
2.588, 0.000837, 0.017263
2.589, 0.000855, 0.007453
2.59, 0.000862, -0.002357
2.591, 0.000860, -0.012167
2.592, 0.000848, -0.021977
2.593, 0.000826, -0.031787
2.594, 0.000794, -0.041597
2.595, 0.000752, -0.051407
2.596, 0.000701, -0.061217
2.597, 0.000640, -0.071027
2.598, 0.000569, -0.080837
2.599, 0.000488, -0.090647
2.6, 0.000397, -0.100457
2.601, 0.000297, -0.110267
2.602, 0.000186, -0.120077
2.603, 0.000066, -0.129887
2.604, 0.000000, 0.000000
2.605, 0.000000, 0.000000
2.606, 0.000000, 0.000000
2.607, 0.000000, 0.000000
2.608, 0.000000, 0.000000
2.609, 0.000000, 0.000000
2.61, 0.000000, 0.000000
2.611, 0.000000, 0.000000
2.612, 0.000000, 0.000000
2.613, 0.000000, 0.000000
2.614, 0.000000, 0.000000
2.615, 0.000000, 0.000000
2.616, 0.000000, 0.000000
2.617, 0.000000, 0.000000
2.618, 0.000000, 0.000000
2.619, 0.000000, 0.000000
2.62, 0.000000, 0.000000
2.621, 0.000000, 0.000000
2.622, 0.000000, 0.000000
2.623, 0.000000, 0.000000
2.624, 0.000000, 0.000000
2.625, 0.000000, 0.000000
2.626, 0.000000, 0.000000
2.627, 0.000000, 0.000000
2.628, 0.000000, 0.000000
2.629, 0.000000, 0.000000
2.63, 0.000000, 0.000000
2.631, 0.000000, 0.000000
2.632, 0.000000, 0.000000
2.633, 0.000000, 0.000000
2.634, 0.000000, 0.000000
2.635, 0.000000, 0.000000
2.636, 0.000000, 0.000000
2.637, 0.000000, 0.000000
2.638, 0.000000, 0.000000
2.639, 0.000000, 0.000000
2.64, 0.000000, 0.000000
2.641, 0.000000, 0.000000
2.642, 0.000000, 0.000000
2.643, 0.000000, 0.000000
2.644, 0.000000, 0.000000
2.645, 0.000000, 0.000000
2.646, 0.000000, 0.000000
2.647, 0.000000, 0.000000
2.648, 0.000000, 0.000000
2.649, 0.000000, 0.000000
2.65, 0.000000, 0.000000
2.651, 0.000000, 0.000000
2.652, 0.000000, 0.000000
2.653, 0.000000, 0.000000
2.654, 0.000000, 0.000000
2.655, 0.000000, 0.000000
2.656, 0.000000, 0.000000
2.657, 0.000000, 0.000000
2.658, 0.000000, 0.000000
2.659, 0.000000, 0.000000
2.66, 0.000000, 0.000000
2.661, 0.000000, 0.000000
2.662, 0.000000, 0.000000
2.663, 0.000000, 0.000000
2.664, 0.000000, 0.000000
2.665, 0.000000, 0.000000
2.666, 0.000000, 0.000000
2.667, 0.000000, 0.000000
2.668, 0.000000, 0.000000
2.669, 0.000000, 0.000000
2.67, 0.000000, 0.000000
2.671, 0.000000, 0.000000
2.672, 0.000000, 0.000000
2.673, 0.000000, 0.000000
2.674, 0.000000, 0.000000
2.675, 0.000000, 0.000000
2.676, 0.000000, 0.000000
2.677, 0.000000, 0.000000
2.678, 0.000000, 0.000000
2.679, 0.000000, 0.000000
2.68, 0.000000, 0.000000
2.681, 0.000000, 0.000000
2.682, 0.000000, 0.000000
2.683, 0.000000, 0.000000
2.684, 0.000000, 0.000000
2.685, 0.000000, 0.000000
2.686, 0.000000, 0.000000
2.687, 0.000000, 0.000000
2.688, 0.000000, 0.000000
2.689, 0.000000, 0.000000
2.69, 0.000000, 0.000000
2.691, 0.000000, 0.000000
2.692, 0.000000, 0.000000
2.693, 0.000000, 0.000000
2.694, 0.000000, 0.000000
2.695, 0.000000, 0.000000
2.696, 0.000000, 0.000000
2.697, 0.000000, 0.000000
2.698, 0.000000, 0.000000
2.699, 0.000000, 0.000000
2.7, 0.000000, 0.000000
2.701, 0.000000, 0.000000
2.702, 0.000000, 0.000000
2.703, 0.000000, 0.000000
2.704, 0.000000, 0.000000
2.705, 0.000000, 0.000000
2.706, 0.000000, 0.000000
2.707, 0.000000, 0.000000
2.708, 0.000000, 0.000000
2.709, 0.000000, 0.000000
2.71, 0.000000, 0.000000
2.711, 0.000000, 0.000000
2.712, 0.000000, 0.000000
2.713, 0.000000, 0.000000
2.714, 0.000000, 0.000000
2.715, 0.000000, 0.000000
2.716, 0.000000, 0.000000
2.717, 0.000000, 0.000000
2.718, 0.000000, 0.000000
2.719, 0.000000, 0.000000
2.72, 0.000000, 0.000000
2.721, 0.000000, 0.000000
2.722, 0.000000, 0.000000
2.723, 0.000000, 0.000000
2.724, 0.000000, 0.000000
2.725, 0.000000, 0.000000
2.726, 0.000000, 0.000000
2.727, 0.000000, 0.000000
2.728, 0.000000, 0.000000
2.729, 0.000000, 0.000000
2.73, 0.000000, 0.000000
2.731, 0.000000, 0.000000
2.732, 0.000000, 0.000000
2.733, 0.000000, 0.000000
2.734, 0.000000, 0.000000
2.735, 0.000000, 0.000000
2.736, 0.000000, 0.000000
2.737, 0.000000, 0.000000
2.738, 0.000000, 0.000000
2.739, 0.000000, 0.000000
2.74, 0.000000, 0.000000
2.741, 0.000000, 0.000000
2.742, 0.000000, 0.000000
2.743, 0.000000, 0.000000
2.744, 0.000000, 0.000000
2.745, 0.000000, 0.000000
2.746, 0.000000, 0.000000
2.747, 0.000000, 0.000000
2.748, 0.000000, 0.000000
2.749, 0.000000, 0.000000
2.75, 0.000000, 0.000000
2.751, 0.000000, 0.000000
2.752, 0.000000, 0.000000
2.753, 0.000000, 0.000000
2.754, 0.000000, 0.000000
2.755, 0.000000, 0.000000
2.756, 0.000000, 0.000000
2.757, 0.000000, 0.000000
2.758, 0.000000, 0.000000
2.759, 0.000000, 0.000000
2.76, 0.000000, 0.000000
2.761, 0.000000, 0.000000
2.762, 0.000000, 0.000000
2.763, 0.000000, 0.000000
2.764, 0.000000, 0.000000
2.765, 0.000000, 0.000000
2.766, 0.000000, 0.000000
2.767, 0.000000, 0.000000
2.768, 0.000000, 0.000000
2.769, 0.000000, 0.000000
2.77, 0.000000, 0.000000
2.771, 0.000000, 0.000000
2.772, 0.000000, 0.000000
2.773, 0.000000, 0.000000
2.774, 0.000000, 0.000000
2.775, 0.000000, 0.000000
2.776, 0.000000, 0.000000
2.777, 0.000000, 0.000000
2.778, 0.000000, 0.000000
2.779, 0.000000, 0.000000
2.78, 0.000000, 0.000000
2.781, 0.000000, 0.000000
2.782, 0.000000, 0.000000
2.783, 0.000000, 0.000000
2.784, 0.000000, 0.000000
2.785, 0.000000, 0.000000
2.786, 0.000000, 0.000000
2.787, 0.000000, 0.000000
2.788, 0.000000, 0.000000
2.789, 0.000000, 0.000000
2.79, 0.000000, 0.000000
2.791, 0.000000, 0.000000
2.792, 0.000000, 0.000000
2.793, 0.000000, 0.000000
2.794, 0.000000, 0.000000
2.795, 0.000000, 0.000000
2.796, 0.000000, 0.000000
2.797, 0.000000, 0.000000
2.798, 0.000000, 0.000000
2.799, 0.000000, 0.000000
2.8, 0.000000, 0.000000
2.801, 0.000000, 0.000000
2.802, 0.000000, 0.000000
2.803, 0.000000, 0.000000
2.804, 0.000000, 0.000000
2.805, 0.000000, 0.000000
2.806, 0.000000, 0.000000
2.807, 0.000000, 0.000000
2.808, 0.000000, 0.000000
2.809, 0.000000, 0.000000
2.81, 0.000000, 0.000000
2.811, 0.000000, 0.000000
2.812, 0.000000, 0.000000
2.813, 0.000000, 0.000000
2.814, 0.000000, 0.000000
2.815, 0.000000, 0.000000
2.816, 0.000000, 0.000000
2.817, 0.000000, 0.000000
2.818, 0.000000, 0.000000
2.819, 0.000000, 0.000000
2.82, 0.000000, 0.000000
2.821, 0.000000, 0.000000
2.822, 0.000000, 0.000000
2.823, 0.000000, 0.000000
2.824, 0.000000, 0.000000
2.825, 0.000000, 0.000000
2.826, 0.000000, 0.000000
2.827, 0.000000, 0.000000
2.828, 0.000000, 0.000000
2.829, 0.000000, 0.000000
2.83, 0.000000, 0.000000
2.831, 0.000000, 0.000000
2.832, 0.000000, 0.000000
2.833, 0.000000, 0.000000
2.834, 0.000000, 0.000000
2.835, 0.000000, 0.000000
2.836, 0.000000, 0.000000
2.837, 0.000000, 0.000000
2.838, 0.000000, 0.000000
2.839, 0.000000, 0.000000
2.84, 0.000000, 0.000000
2.841, 0.000000, 0.000000
2.842, 0.000000, 0.000000
2.843, 0.000000, 0.000000
2.844, 0.000000, 0.000000
2.845, 0.000000, 0.000000
2.846, 0.000000, 0.000000
2.847, 0.000000, 0.000000
2.848, 0.000000, 0.000000
2.849, 0.000000, 0.000000
2.85, 0.000000, 0.000000
2.851, 0.000000, 0.000000
2.852, 0.000000, 0.000000
2.853, 0.000000, 0.000000
2.854, 0.000000, 0.000000
2.855, 0.000000, 0.000000
2.856, 0.000000, 0.000000
2.857, 0.000000, 0.000000
2.858, 0.000000, 0.000000
2.859, 0.000000, 0.000000
2.86, 0.000000, 0.000000
2.861, 0.000000, 0.000000
2.862, 0.000000, 0.000000
2.863, 0.000000, 0.000000
2.864, 0.000000, 0.000000
2.865, 0.000000, 0.000000
2.866, 0.000000, 0.000000
2.867, 0.000000, 0.000000
2.868, 0.000000, 0.000000
2.869, 0.000000, 0.000000
2.87, 0.000000, 0.000000
2.871, 0.000000, 0.000000
2.872, 0.000000, 0.000000
2.873, 0.000000, 0.000000
2.874, 0.000000, 0.000000
2.875, 0.000000, 0.000000
2.876, 0.000000, 0.000000
2.877, 0.000000, 0.000000
2.878, 0.000000, 0.000000
2.879, 0.000000, 0.000000
2.88, 0.000000, 0.000000
2.881, 0.000000, 0.000000
2.882, 0.000000, 0.000000
2.883, 0.000000, 0.000000
2.884, 0.000000, 0.000000
2.885, 0.000000, 0.000000
2.886, 0.000000, 0.000000
2.887, 0.000000, 0.000000
2.888, 0.000000, 0.000000
2.889, 0.000000, 0.000000
2.89, 0.000000, 0.000000
2.891, 0.000000, 0.000000
2.892, 0.000000, 0.000000
2.893, 0.000000, 0.000000
2.894, 0.000000, 0.000000
2.895, 0.000000, 0.000000
2.896, 0.000000, 0.000000
2.897, 0.000000, 0.000000
2.898, 0.000000, 0.000000
2.899, 0.000000, 0.000000
2.9, 0.000000, 0.000000
2.901, 0.000000, 0.000000
2.902, 0.000000, 0.000000
2.903, 0.000000, 0.000000
2.904, 0.000000, 0.000000
2.905, 0.000000, 0.000000
2.906, 0.000000, 0.000000
2.907, 0.000000, 0.000000
2.908, 0.000000, 0.000000
2.909, 0.000000, 0.000000
2.91, 0.000000, 0.000000
2.911, 0.000000, 0.000000
2.912, 0.000000, 0.000000
2.913, 0.000000, 0.000000
2.914, 0.000000, 0.000000
2.915, 0.000000, 0.000000
2.916, 0.000000, 0.000000
2.917, 0.000000, 0.000000
2.918, 0.000000, 0.000000
2.919, 0.000000, 0.000000
2.92, 0.000000, 0.000000
2.921, 0.000000, 0.000000
2.922, 0.000000, 0.000000
2.923, 0.000000, 0.000000
2.924, 0.000000, 0.000000
2.925, 0.000000, 0.000000
2.926, 0.000000, 0.000000
2.927, 0.000000, 0.000000
2.928, 0.000000, 0.000000
2.929, 0.000000, 0.000000
2.93, 0.000000, 0.000000
2.931, 0.000000, 0.000000
2.932, 0.000000, 0.000000
2.933, 0.000000, 0.000000
2.934, 0.000000, 0.000000
2.935, 0.000000, 0.000000
2.936, 0.000000, 0.000000
2.937, 0.000000, 0.000000
2.938, 0.000000, 0.000000
2.939, 0.000000, 0.000000
2.94, 0.000000, 0.000000
2.941, 0.000000, 0.000000
2.942, 0.000000, 0.000000
2.943, 0.000000, 0.000000
2.944, 0.000000, 0.000000
2.945, 0.000000, 0.000000
2.946, 0.000000, 0.000000
2.947, 0.000000, 0.000000
2.948, 0.000000, 0.000000
2.949, 0.000000, 0.000000
2.95, 0.000000, 0.000000
2.951, 0.000000, 0.000000
2.952, 0.000000, 0.000000
2.953, 0.000000, 0.000000
2.954, 0.000000, 0.000000
2.955, 0.000000, 0.000000
2.956, 0.000000, 0.000000
2.957, 0.000000, 0.000000
2.958, 0.000000, 0.000000
2.959, 0.000000, 0.000000
2.96, 0.000000, 0.000000
2.961, 0.000000, 0.000000
2.962, 0.000000, 0.000000
2.963, 0.000000, 0.000000
2.964, 0.000000, 0.000000
2.965, 0.000000, 0.000000
2.966, 0.000000, 0.000000
2.967, 0.000000, 0.000000
2.968, 0.000000, 0.000000
2.969, 0.000000, 0.000000
2.97, 0.000000, 0.000000
2.971, 0.000000, 0.000000
2.972, 0.000000, 0.000000
2.973, 0.000000, 0.000000
2.974, 0.000000, 0.000000
2.975, 0.000000, 0.000000
2.976, 0.000000, 0.000000
2.977, 0.000000, 0.000000
2.978, 0.000000, 0.000000
2.979, 0.000000, 0.000000
2.98, 0.000000, 0.000000
2.981, 0.000000, 0.000000
2.982, 0.000000, 0.000000
2.983, 0.000000, 0.000000
2.984, 0.000000, 0.000000
2.985, 0.000000, 0.000000
2.986, 0.000000, 0.000000
2.987, 0.000000, 0.000000
2.988, 0.000000, 0.000000
2.989, 0.000000, 0.000000
2.99, 0.000000, 0.000000
2.991, 0.000000, 0.000000
2.992, 0.000000, 0.000000
2.993, 0.000000, 0.000000
2.994, 0.000000, 0.000000
2.995, 0.000000, 0.000000
2.996, 0.000000, 0.000000
2.997, 0.000000, 0.000000
2.998, 0.000000, 0.000000
2.999, 0.000000, 0.000000
3, 0.000000, 0.000000
